<?xml version="1.0" encoding="UTF-8"?>

<!-- 
====================================================================== 
Licensed Materials - Property of IBM Corp. 
IBM Rational Automation Framework 
(c) Copyright IBM Corporation 2003, 2012. All Rights Reserved.   

U.S. Government Users Restricted Rights - Use, duplication or disclosure restricted by 
GSA ADP Schedule Contract with IBM Corp. 


File name: configure_was_common_nd_managed.xml

Defines configuration actions that exist at cell level scope which apply only to managed cells
====================================================================== 
-->

<project default="default" basedir=".">
	<description>
		Defines configuration actions that exist at cell level scope 
		which apply only to managed cells
	</description>

	<property name="WAS_COMMON_ND_SCRIPTS"
	          value="${RAFW_HOME}/product/actions/configure/was/common/nd/scripts" />

	<!-- import custom common actions for managed cell scope -->
	<import file="${RAFW_HOME}/user/actions/configure/was/common/nd/custom_configure_was_common_nd_managed.xml" />

	<!-- import common cluster actions so that we can support stopping/starting all clusters in a managed cell -->
	<import file="${RAFW_HOME}/product/actions/configure/was/common/nd/cluster/configure_was_common_nd_cluster.xml" />

	<target name="was_common_configure_synchronize_nodes"
	        description="Synchronize the nodes in the Cell"
	        depends="only_execute">
		<antcall target="call_wsadmin_function">
			<param name="TASK" value="was_common_configure_synchronize_nodes" />
			<param name="JYTHON_FUNCTION" value="AdminHelper.syncCell()" />
		</antcall>
	</target>

	<target name="was_common_configure_cell" depends="only_execute">

		<rafwlog id="CRWWA3035I" resourcebundle="was"/>
		<antcall target="was_common_configure_variables" />
		<antcall target="was_common_configure_sharedlibs" />
		<antcall target="was_common_configure_jaas" />
		<antcall target="was_common_configure_stop_dmgr" />
		<antcall target="was_common_configure_start_dmgr" />
		<rafwlog id="CRWWA3035I" resourcebundle="was"/>
	</target>

	<target name="was_common_configure_start_dmgr"
	        description="Start the ND server"
	        depends="only_execute,was_init">
		<property name="STARTMANAGER" location="${WAS_PROF_HOME}/bin/startManager${SCRIPT_EXT}" />
		<antcall target="execute">
			<param name="EXECUTABLE" value="${STARTMANAGER}" />
			<param name="FAILONERROR" value="true" />
			<!-- fail if startManager cannot be found -->
			<param name="FAILIFEXECUTIONFAILS" value="true" />
		</antcall>
	</target>


	<target name="was_common_configure_stop_dmgr"
	        description="Stop the ND server"
	        depends="only_execute,was_init">

		<rafwlog id="CRWWA3038I" resourcebundle="was"/>
		<property name="STOPMANAGER" value="stopManager${SCRIPT_EXT}" />
		<if>
			<equals arg1="true" arg2="${USE_SOAP_CLIENT_PROP_FILE}" />
			<then>
				<var name="CONNECT_ARGS" value="" />
			</then>
			<else>
				<var name="CONNECT_ARGS" value="-username ${WAS_USERNAME} -password ${WAS_PASSWORD}" />
			</else>
		</if>
		<antcall target="execute">
			<param name="EXECUTABLE" value="${WAS_PROF_HOME}/bin/${STOPMANAGER}" />
			<param name="FAILONERROR" value="true" />
			<param name="ARGS" value="${CONNECT_ARGS}" />
		</antcall>
	</target>

	<target name="was_common_configure_server_status"
	        description="Check the status of the dmgr"
	        depends="only_execute,was_init">
		<property name="SERVERSTATUS" value="serverStatus${SCRIPT_EXT}" />
		<if>
			<equals arg1="true" arg2="${USE_SOAP_CLIENT_PROP_FILE}" />
			<then>
				<var name="CONNECT_ARGS" value="" />
			</then>
			<else>
				<var name="CONNECT_ARGS" value="-username ${WAS_USERNAME} -password ${WAS_PASSWORD}" />
			</else>
		</if>
		<antcall target="execute">
			<param name="EXECUTABLE" value="${WAS_PROF_HOME}/bin/${SERVERSTATUS}" />
			<param name="ARGS" value="dmgr ${CONNECT_ARGS}" />
		</antcall>
	</target>

	<rafwaction name="was_common_configure_core_groups"
	            augmentmode="true"
	            comparemode="true"
	            importmode="true"
	            promotemode="true" />
	<target name="was_common_configure_core_groups"
	        depends="scope_init"
	        description="Manages core groups">

		<rafwlog id="CRWWA3039I" resourcebundle="was">
			<logarg value="${MODE}" />
			<logarg value="${SCOPE}" />
			<logarg value="${SCOPE_NAME}" />
		</rafwlog>

		<setdatafile resourcefile="coreGroups" />
		<antcall target="assert_file">
			<param name="FILE" value="${DATA_FILE}" />
		</antcall>
		<cfgcallwsadmin target="was_common_configure_core_groups"
		                datamarker="coreGroups"
		                script="${RAFW_HOME}/product/actions/configure/was/common/nd/scripts/coreGroups.py" />
	</target>

	<rafwaction name="was_common_configure_core_group_bridges"
	            augmentmode="false"
	            comparemode="true"
	            importmode="true"
	            promotemode="true" />
	<target name="was_common_configure_core_group_bridges"
	        depends="scope_init"
	        description="Manages core group_bridges">

		<rafwlog id="CRWWA4004I" resourcebundle="was">
				<logarg value="${MODE}" />
				<logarg value="${SCOPE}" />
				<logarg value="${SCOPE_NAME}" />
		</rafwlog>
		<setdatafile resourcefile="coreGroupBridges" />
		<antcall target="assert_file">
			<param name="FILE" value="${DATA_FILE}" />
		</antcall>
		<cfgcallwsadmin target="was_common_configure_core_groups"
		                datamarker="coreGroupBridges"
		                script="${RAFW_HOME}/product/actions/configure/was/common/nd/scripts/coreGroupBridges.py" />
	</target>

	<target name="was_common_configure_create_portal_cluster" depends="only_execute">
			<rafwlog id="CRWWA3031I" resourcebundle="was">
				<logarg value="${WP_CLUSTER_NAME}" />
				<logarg value="${CELL_NAME}" />
			</rafwlog>

		<if>
			<or>
				<equals arg1="${WP_VERSION}" arg2="50" />
				<equals arg1="${WP_VERSION}" arg2="51" />
			</or>
			<then>
				<property name="SCRIPT_NAME"
				          value="${RAFW_HOME}/product/actions/configure/was/common/nd/scripts/createWP51Cluster.py" />
				<param name="ARGUMENTS"
				       value='"${CLUSTERS_HOME}/${WP_CLUSTER_NAME}/cluster.properties"' />
			</then>
			<else>
				<property name="SCRIPT_NAME"
				          value="${WAS_COMMON_ND_SCRIPTS}/createWP61Cluster.py" />
				<property name="ARGUMENTS"
				          value='-cellProperties "${CELL_PROPERTIES}" -properties "${CLUSTERS_HOME}/${WP_CLUSTER_NAME}/cluster.properties"' />
			</else>
		</if>
		<antcall target="call_wsadmin">
			<param name="TASK" value="create_${WP_CLUSTER_NAME}" />
			<param name="LANG" value="jython" />
			<param name="SCRIPT_NAME" value="${SCRIPT_NAME}" />
			<param name="ARGS" value="${ARGUMENTS}" />
		</antcall>
	</target>

	<target name="was_common_configure_exchange_certs"
	        depends="only_execute, scope_init"
	        description="Exchanges certificates between trust stores in the cell">

			<rafwlog id="CRWWA3040I" resourcebundle="was">
				<logarg value="${CELL_NAME}" />
			</rafwlog>
	
		<!-- cleanup the temp arms in case there are any still around from the last run -->
		<delete>
			<fileset dir="${WORK_HOME}" includes="**/*.arm" />
		</delete>
		<antcall target="call_wsadmin">
			<param name="TASK" value="exchangeSSLCerts" />
			<param name="LANG" value="jython" />
			<param name="SCRIPT_NAME" value="${WAS_COMMON_SCRIPTS}/exchangeSSLCerts.py" />
			<param name="DATA_FILE" value="${SCOPE_HOME}/sslCerts.xml" />
			<param name="ARGS" value='-nodes ${NODES} -basepath "${WORK_HOME}"' />
		</antcall>
		<!-- cleanup the temp arms -->
		<delete>
			<fileset dir="${WORK_HOME}" includes="**/*.arm" />
		</delete>
		<antcall target="was_common_configure_retrieve_trust_store_signers" />
	</target>

	<target name="was_common_configure_update_web_server_certs"
	        depends="only_execute, scope_init,was_init"
	        description="Updates and propogates the server certificates to the web servers in the cell">
		
			<rafwlog id="CRWWA3041I" resourcebundle="was">
				<logarg value="${CELL_NAME}" />
			</rafwlog>

		<antcall target="call_wsadmin">
			<param name="TASK" value="updateWebserverCerts" />
			<param name="LANG" value="jython" />
			<param name="SCRIPT_NAME" value="${WAS_COMMON_SCRIPTS}/updateWebserverCerts.py" />
			<param name="ARGS"
			       value='-certs "${SCOPE_HOME}/sslCerts.xml"
                    -webservers "${SCOPE_HOME}/web_servers.xml"
                    -nd_profile_home "${ND_WAS_PROF_HOME}"
                    -basepath "${WORK_HOME}"' />
		</antcall>

		<!-- cleanup the temp arms -->
		<delete>
			<fileset dir="${WORK_HOME}" includes="**/*.arm" />
		</delete>
	</target>

	<target name="was_common_configure_propogate_web_server_plugin"
	        depends="only_execute, scope_init"
	        description="Propogates the plugins for all the web servers in the cell">
		
			<rafwlog id="CRWWA3042I" resourcebundle="was">
				<logarg value="${CELL_NAME}" />
			</rafwlog>
		<antcall target="call_wsadmin">
			<param name="TASK" value="propogateWebserverPlugin" />
			<param name="LANG" value="jython" />
			<param name="SCRIPT_NAME" value="${WAS_COMMON_SCRIPTS}/propogateWebserverPlugin.py" />
			<param name="ARGS"
			       value='-webservers "${SCOPE_HOME}/web_servers.xml"
                    -nd_profile_home "${ND_WAS_PROF_HOME}"' />
		</antcall>

	</target>

	<target name="was_common_configure_update_web_server_config"
	        depends="only_execute, scope_init"
	        description="Updates and propogates the web server httpd on the servers in the cell">
		
			<rafwlog id="CRWWA3043I" resourcebundle="was">
				<logarg value="${CELL_NAME}" />
			</rafwlog>	
		<antcall target="call_wsadmin">
			<param name="TASK" value="was_common_configure_update_web_server_config" />
			<param name="LANG" value="jython" />
			<param name="SCRIPT_NAME" value="${WAS_COMMON_SCRIPTS}/updateWebserverHttpConfig.py" />
			<param name="ARGS"
			       value='-webservers "${SCOPE_HOME}/web_servers.xml"
                    -nd_profile_home "${ND_WAS_PROF_HOME}"' />
		</antcall>
	</target>

</project>
