<?xml version="1.0" encoding="UTF-8"?>

<!-- 
====================================================================== 
Licensed Materials - Property of IBM Corp. 
IBM Rational Automation Framework 
(c) Copyright IBM Corporation 2003, 2012. All Rights Reserved.   

U.S. Government Users Restricted Rights - Use, duplication or disclosure restricted by 
GSA ADP Schedule Contract with IBM Corp. 



File name: configure_was_nd_since_61.xml     

This file contains actions that are available at cell scope only.
These actions support features which were added in WAS6.1
The actions apply to WAS6.1 and higher.

====================================================================== 
-->

<project default="default" basedir=".">
	<description>
	  Contains actions that are available at all scopes (cell, node, server, cluster)
	  These actions support features which were added in WAS6.1 and apply to WAS6.1 and higher.
	</description>

	<!-- Works for version 6.1 and above 
       Uses AdminTask to carry out the work and those were introduced in 6.1 -->
	<rafwaction name="was_common_configure_sib_mq_server"
	            augmentmode="true"
	            comparemode="true"
	            importmode="true"
	            promotemode="true" />
	<target name="was_common_configure_sib_mq_server"
	        depends="scope_init"
	        description="Manages one or more MQ Servers">
		
		<rafwlog id="CRWWA3064" resourcebundle="was">
			<logarg value="${MODE}" />
			<logarg value="${CELL_NAME}" />
		</rafwlog>
		<setdatafile resourcefile="SIBus"/>
		<antcall target="assert_file">
			<param name="FILE" value="${DATA_FILE}" />
		</antcall>
		<cfgcallwsadmin target="was_common_configure_sib_mq_server" 
			datamarker="sibMQServer" script="${WAS_COMMON_SCRIPTS}/sibMQServer.py" />	
	</target>

	<rafwaction name="was_common_configure_security_federated" />
	<target name="was_common_configure_security_federated"
	        depends="scope_init">
		<echo message="------------------------------------------------------------------------------------------------------------------" />
		
		<rafwlog id="CRWWA3065I" resourcebundle="was"/>
		<echo message="------------------------------------------------------------------------------------------------------------------" />
		<antcall target="call_wsadmin">
			<param name="LANG" value="jython" />
			<param name="SCRIPT_NAME"
			       value="${RAFW_HOME}/product/actions/configure/was/common/scripts/federatedSecurity.py" />
			<param name="ARGS"
			       value="-scope ${SCOPE} -scopename @{NAME} -cellName ${CELL_NAME} -action CONFIGURE_FEDERATED_SECURITY -properties ${SCOPE_HOME}/security.properties" />

		</antcall>
	</target>
	
	<rafwaction name="was_common_configure_security_federated_all"
		        augmentmode="true"
		        comparemode="true"
		        importmode="true"
		        promotemode="true" />
	<target name="was_common_configure_security_federated_all"
			description="Manages the complete Federated Security configuration"
			depends="scope_init">
		<setdatafile resourcefile="wimconfig" />
		<antcall target="assert_file">
			<param name="FILE" value="${DATA_FILE}" />
		</antcall>
		<if>
			<equals arg1="${MODE}" arg2="promote" />
			<then>
				<antcall target="was_common_configure_security_federated_repositories" />
				<antcall target="was_common_configure_security_federated_realms" />
				<antcall target="was_common_configure_security_federated_entitytypes" />
				<antcall target="was_common_configure_security_federated_entrymapping" />
				<antcall target="was_common_configure_security_federated_propertyextension" />
			</then>
			<else>
				<cfgcallwsadmin target="was_common_configure_security_federated_all"
								datamarker="ALL"
						        script="${WAS_COMMON_ND_SCRIPTS}/WIMSecurity.py"
								extraargs="-config_type ALL"/>
			</else>
		</if>
	</target>
	
	<rafwaction name="was_common_configure_security_federated_ur"
	            augmentmode="false"
	            comparemode="true"
	            importmode="true"
	            promotemode="true" />
	<target name="was_common_configure_security_federated_ur"
		description="Configures Federated User Registry"
		depends="scope_init">
		<antcall target="was_common_configure_security_subroutine">
			<param name="ECHO_PREFIX" value="FederatedRepository" />
			<param name="CONFIG_TYPE" value="FederatedRepository" />
			<param name="TASK_NAME" value="was_common_configure_security_federated_ur" />
		</antcall>
	</target>
	
	<rafwaction name="was_common_configure_security_federated_entitytypes"
	            augmentmode="true"
	            comparemode="true"
	            importmode="true"
	            promotemode="true" />
	<target name="was_common_configure_security_federated_entitytypes"
			description="Configures Federated Security Supported Entity types"
			depends="scope_init">
		<setdatafile resourcefile="wimconfig" />
		<antcall target="assert_file">
			<param name="FILE" value="${DATA_FILE}" />
		</antcall>
		<cfgcallwsadmin target="was_common_configure_security_federated_entitytypes"
		                datamarker="FederatedSupportedEntityTypes"
		                script="${WAS_COMMON_ND_SCRIPTS}/WIMSecurity.py"
						extraargs="-config_type FederatedSupportedEntityTypes"/>
	</target>
	
	<rafwaction name="was_common_configure_security_federated_repositories"
	            augmentmode="true"
	            comparemode="true"
	            importmode="true"
	            promotemode="true" />
	<target name="was_common_configure_security_federated_repositories"
			description="Configures Federated Security Repositories"
			depends="scope_init">
		<setdatafile resourcefile="wimconfig" />
		<antcall target="assert_file">
			<param name="FILE" value="${DATA_FILE}" />
		</antcall>
		<cfgcallwsadmin target="was_common_configure_security_federated_repositories"
		                datamarker="FederatedProfileRepositories"
		                script="${WAS_COMMON_ND_SCRIPTS}/WIMSecurity.py"
						extraargs="-config_type FederatedProfileRepositories"/>
	</target>
	
	<rafwaction name="was_common_configure_security_federated_propertyextension"
	            augmentmode="false"
	            comparemode="true"
	            importmode="true"
	            promotemode="true" />
	<target name="was_common_configure_security_federated_propertyextension"
			description="Configures Federated Security Property Extension Repository"
			depends="scope_init">
		<setdatafile resourcefile="wimconfig" />
		<antcall target="assert_file">
			<param name="FILE" value="${DATA_FILE}" />
		</antcall>
		<cfgcallwsadmin target="was_common_configure_security_federated_propertyextension"
		                datamarker="FederatedPropertyExtensionRepository"
		                script="${WAS_COMMON_ND_SCRIPTS}/WIMSecurity.py"
						extraargs="-config_type FederatedPropertyExtensionRepository"/>
	</target>
	
	<rafwaction name="was_common_configure_security_federated_entrymapping"
	            augmentmode="false"
	            comparemode="true"
	            importmode="true"
	            promotemode="true" />
	<target name="was_common_configure_security_federated_entrymapping"
			description="Configures Federated Security Entry Mapping Repository"
			depends="scope_init">
		<setdatafile resourcefile="wimconfig" />
		<antcall target="assert_file">
			<param name="FILE" value="${DATA_FILE}" />
		</antcall>
		<cfgcallwsadmin target="was_common_configure_security_federated_entrymapping"
		                datamarker="FederatedEntryMappingRepository"
		                script="${WAS_COMMON_ND_SCRIPTS}/WIMSecurity.py"
						extraargs="-config_type FederatedEntryMappingRepository"/>
	</target>
	
	<rafwaction name="was_common_configure_security_federated_realms"
	            augmentmode="true"
	            comparemode="true"
	            importmode="true"
	            promotemode="true" />
	<target name="was_common_configure_security_federated_realms"
			description="Configures Federated Security External Realms"
			depends="scope_init">
		<setdatafile resourcefile="wimconfig" />
		<antcall target="assert_file">
			<param name="FILE" value="${DATA_FILE}" />
		</antcall>
		<cfgcallwsadmin target="was_common_configure_security_federated_realms"
		                datamarker="FederatedExternalRealms"
		                script="${WAS_COMMON_ND_SCRIPTS}/WIMSecurity.py"
						extraargs="-config_type FederatedExternalRealms"/>
	</target>

	<rafwaction name="was_common_configure_sibus_all"
	            augmentmode="true"
	            comparemode="true"
	            importmode="true"
	            promotemode="true">
	</rafwaction>
	<target name="was_common_configure_sibus_all"
	        description="Configures the complete service integration bus"
	        depends="scope_init">
		
		<rafwlog id="CRWWA3067I" resourcebundle="was">
			<logarg value="${MODE}" />
			<logarg value="${CELL_NAME}" />
		</rafwlog>

		<setdatafile resourcefile="sib" />
		<antcall target="assert_file">
			<param name="FILE" value="${DATA_FILE}" />
		</antcall>
		<if>			
			<equals arg1="${MODE}" arg2="promote" />
			<then>
				<if>
					<not>
						<equals arg1="${WAS_VERSION}" arg2="61" />
					</not>
					<then>
						<!-- Include bootstrap members only if version is WAS 7.0 or higher -->
						<antcall target="was_common_configure_sibus_bootstrapmembers" />
					</then>
				</if>
				<antcall target="was_common_configure_sibus_buses" />
				<antcall target="was_common_configure_sibus_busmembers" />
				<antcall target="was_common_configure_sibus_destinations" />
				<antcall target="was_common_configure_sibus_foreign_bus" />
				<antcall target="was_common_configure_sibus_mediations" />
				<antcall target="was_common_configure_sibus_messagingengines" />				
				<antcall target="was_common_configure_sibus_security" />				
			</then>
			<else>
				<!-- For modes other than promote, invoke wsadmin -->
				<cfgcallwsadmin target="was_common_configure_sibus_all"
								datamarker="ALL"
								script="${WAS_COMMON_ND_SCRIPTS}/siBuses.py"
								extraargs="-version ${WAS_VERSION} -config_type ALL" />
			</else>
		</if>
	</target>
	
	<rafwaction name="was_common_configure_sibus_buses"
				augmentmode="true"
				comparemode="true"
				importmode="true"
				promotemode="true" />
	<target name="was_common_configure_sibus_buses"
			description="Manages one or more service integration buses"
			depends="scope_init">
		
		<rafwlog id="CRWWA3068I" resourcebundle="was">
			<logarg value="${MODE}}" />
			<logarg value="${CELL_NAME}" />
		</rafwlog>

		<setdatafile resourcefile="sib" />
		<antcall target="assert_file">
			<param name="FILE" value="${DATA_FILE}" />
		</antcall>
		<cfgcallwsadmin target="was_common_configure_sibus_buses"
						datamarker="SIB_Bus"
						script="${WAS_COMMON_ND_SCRIPTS}/siBuses.py"
						extraargs="-version ${WAS_VERSION} -config_type SIBus" />
	</target>

	<rafwaction name="was_common_configure_sibus_busmembers"
				augmentmode="true"
		        comparemode="true"
		        importmode="true"
		        promotemode="true" />
	<target name="was_common_configure_sibus_busmembers"
		    description="Manages bus members defined for service integration buses"
		    depends="scope_init">
		<rafwlog id="CRWWA3068I" resourcebundle="was">
					<logarg value="${MODE}}" />
					<logarg value="${CELL_NAME}" />
				</rafwlog>

		<setdatafile resourcefile="sib" />
		<antcall target="assert_file">
			<param name="FILE" value="${DATA_FILE}" />
		</antcall>
		<cfgcallwsadmin target="was_common_configure_sibus_busmembers"
						datamarker="SIB_BusMember"
			            script="${WAS_COMMON_ND_SCRIPTS}/siBuses.py"
			            extraargs="-version ${WAS_VERSION} -config_type SIBusMember" />
	</target>
	
	<rafwaction name="was_common_configure_sibus_destinations"
	            augmentmode="true"
	            comparemode="true"
	            importmode="true"
	            promotemode="true" />
	<target name="was_common_configure_sibus_destinations"
	        description="Manages destinations defined for service integration buses"
	        depends="scope_init">
		
		<rafwlog id="CRWWA3069I" resourcebundle="was">
					<logarg value="${MODE}}" />
					<logarg value="${CELL_NAME}" />
		</rafwlog>

		<setdatafile resourcefile="sib" />
		<antcall target="assert_file">
			<param name="FILE" value="${DATA_FILE}" />
		</antcall>
		<cfgcallwsadmin target="was_common_configure_sibus_destinations"
		                datamarker="SIB_Destination"
		                script="${WAS_COMMON_ND_SCRIPTS}/siBuses.py"
		                extraargs="-version ${WAS_VERSION} -config_type SIBDestination" />
	</target>
		
	<rafwaction name="was_common_configure_sibus_security"
        		augmentmode="true"
	            comparemode="true"
	            importmode="true"
	            promotemode="true" />
	<target name="was_common_configure_sibus_security"
	        description="Manages security for service integration buses"
	        depends="scope_init">
		
		<rafwlog id="CRWWA3070I" resourcebundle="was">
							<logarg value="${MODE}}" />
							<logarg value="${CELL_NAME}" />
		</rafwlog>
		<setdatafile resourcefile="sib" />
		<antcall target="assert_file">
			<param name="FILE" value="${DATA_FILE}" />
		</antcall>
		<cfgcallwsadmin target="was_common_configure_sibus_security"
		                datamarker="SIB_Security"
		                script="${WAS_COMMON_ND_SCRIPTS}/siBuses.py"
		                extraargs="-version ${WAS_VERSION} -config_type SIBSecurity" />
	</target>
		
	<rafwaction name="was_common_configure_sibus_foreign_bus"
				augmentmode="true"
				comparemode="true"
				importmode="true"
				promotemode="true" />
	<target name="was_common_configure_sibus_foreign_bus"
			description="Manages foreign buses defined for service integration buses"
			depends="scope_init">
		
		<rafwlog id="CRWWA3071I" resourcebundle="was">
			<logarg value="${MODE}" />
			<logarg value="${CELL_NAME}" />
		</rafwlog>

		<setdatafile resourcefile="sib" />
		<antcall target="assert_file">
			<param name="FILE" value="${DATA_FILE}" />
		</antcall>
		<cfgcallwsadmin target="was_common_configure_sibus_foreign_bus"
						datamarker="SIB_ForeignBus"
						script="${WAS_COMMON_ND_SCRIPTS}/siBuses.py"
						extraargs="-version ${WAS_VERSION} -config_type SIBForeignBus" />
	</target>
	
	<rafwaction name="was_common_configure_sibus_mediations"
	            augmentmode="true"
	            comparemode="true"
	            importmode="true"
	            promotemode="true" />
	<target name="was_common_configure_sibus_mediations"
	        description="Manages mediations defined for service integration buses"
	        depends="scope_init">
		
		<rafwlog id="CRWWA3072I" resourcebundle="was">
					<logarg value="${MODE}" />
					<logarg value="${CELL_NAME}" />
		</rafwlog>
		<setdatafile resourcefile="sib" />
		<antcall target="assert_file">
			<param name="FILE" value="${DATA_FILE}" />
		</antcall>
		<cfgcallwsadmin target="was_common_configure_sibus_mediations"
		                datamarker="SIB_Mediation"
		                script="${WAS_COMMON_ND_SCRIPTS}/siBuses.py"
		                extraargs="-version ${WAS_VERSION} -config_type SIBMediation" />
	</target>
	
	<rafwaction name="was_common_configure_sibus_messagingengines"
	            augmentmode="true"
	            comparemode="true"
	            importmode="true"
	            promotemode="true" />
	<target name="was_common_configure_sibus_messagingengines"
	        description="Manages messaging engines defined for service integration buses"
	        depends="scope_init">
		
		<rafwlog id="CRWWA3073I" resourcebundle="was">
							<logarg value="${MODE}" />
							<logarg value="${CELL_NAME}" />
						</rafwlog>
		<setdatafile resourcefile="sib" />
		<antcall target="assert_file">
			<param name="FILE" value="${DATA_FILE}" />
		</antcall>
		<cfgcallwsadmin target="was_common_configure_sibus_messagingengines"
		                datamarker="SIB_MessagingEngine"
		                script="${WAS_COMMON_ND_SCRIPTS}/siBuses.py"
		                extraargs="-version ${WAS_VERSION} -config_type SIBMessagingEngine" />
	</target>	
</project>
