<?xml version="1.0" encoding="UTF-8"?>

<!-- 
====================================================================== 
Licensed Materials - Property of IBM Corp. 
IBM Rational Automation Framework 
(c) Copyright IBM Corporation 2003, 2012. All Rights Reserved.   

U.S. Government Users Restricted Rights - Use, duplication or disclosure restricted by 
GSA ADP Schedule Contract with IBM Corp. 



File name: configure_was_nd_managed_since_70.xml     

This file contains actions that are available at cell scope only in managed cells.
These actions support features which were added in WAS7.0
The actions apply to WAS7.0 and higher.

====================================================================== 
-->

<project default="default" basedir=".">
	<description>
	  Contains actions that are available at all scopes (cell, node, server, cluster) on managed cells.
	  These actions support features which were added in WAS7.0 and apply to WAS7.0 and higher.
	</description>

	<target name="was_common_configure_register_dmgr_with_job_manager"
	        depends="only_execute"
	        description="Register Dmgr with Job Manager">

		<property file="${NODE_HOME}/was_70_register_dmgr_for_flex_management.properties" />

		<antcall target="call_wsadmin">
			<param name="TASK" value="was_70_configure_register_dmgr_with_job_manager" />
			<param name="LANG" value="jython" />
			<param name="SCRIPT_NAME"
			       value="${RAFW_HOME}/product/actions/configure/was/common/nd/scripts/registerDmgrWithJobManager.py" />
			<param name="ARGS"
			       value="-host ${JOB_MANAGER_HOST} -port ${JOB_MANAGER_ADMIN_SECURE_PORT} -managedNodeName ${NODE_NAME} -user ${WAS_USERNAME} -password ${WAS_PASSWORD}" />
		</antcall>
	</target>

</project>
