{
    "securityResourceId": "3014c875-aeee-4739-82e3-af13d813ef0a",
    "path": "componentTemplates\/54f8b89c-3364-4291-80fe-6d1f63c19527",
    "name": "IIS Config",
    "description": "",
    "ignoreQualifiers": 0,
    "componentType": "STANDARD",
    "tags": [],
    "active": true,
    "envPropDefs": [],
    "resPropDefs": [],
    "propDefs": [],
    "properties": [],
    "processes": [{
        "name": "Apply",
        "description": "",
        "defaultWorkingDir": "${p:resource\/work.dir}\/${p:component.name}",
        "takesVersion": true,
        "inventoryActionType": "ADD",
        "status": "Active",
        "configActionType": "ADD",
        "active": true,
        "path": "componentTemplates\/54f8b89c-3364-4291-80fe-6d1f63c19527\/processes\/99c43b0e-65e5-450b-b726-7be98006358d",
        "propDefs": [],
        "rootActivity": {
            "edges": [
                {
                    "to": "Clean Working Directory",
                    "type": "ALWAYS",
                    "value": ""
                },
                {
                    "to": "f581656a25f0e0088ae5898e7887fc",
                    "from": "IIS Configuration Apply",
                    "type": "SUCCESS",
                    "value": ""
                },
                {
                    "to": "IIS Configuration Apply",
                    "from": "IIS Configuration Replace Tokens",
                    "type": "SUCCESS",
                    "value": ""
                },
                {
                    "to": "IIS Configuration Replace Tokens",
                    "from": "Download Artifacts",
                    "type": "SUCCESS",
                    "value": ""
                },
                {
                    "to": "Download Artifacts",
                    "from": "Clean Working Directory",
                    "type": "SUCCESS",
                    "value": ""
                }
            ],
            "offsets": [
                {
                    "name": "Download Artifacts",
                    "x": -70,
                    "y": 170,
                    "h": 60,
                    "w": 220
                },
                {
                    "name": "IIS Configuration Replace Tokens",
                    "x": -105,
                    "y": 260,
                    "h": 60,
                    "w": 290
                },
                {
                    "name": "IIS Configuration Apply",
                    "x": -75,
                    "y": 350,
                    "h": 60,
                    "w": 230
                },
                {
                    "name": "f581656a25f0e0088ae5898e7887fc",
                    "x": -5,
                    "y": 440,
                    "h": 50,
                    "w": 90
                },
                {
                    "name": "Clean Working Directory",
                    "x": -95,
                    "y": 80,
                    "h": 60,
                    "w": 270
                }
            ],
            "type": "graph",
            "name": "289ab216-d38d-446b-84f5-e4a0374dd722",
            "children": [
                {
                    "type": "finish",
                    "name": "f581656a25f0e0088ae5898e7887fc",
                    "children": []
                },
                {
                    "allowFailure": false,
                    "useImpersonation": false,
                    "showHidden": false,
                    "impersonationUseSudo": false,
                    "commandName": "Delete Files and Directories",
                    "pluginName": "File Utils",
                    "pluginVersion": 49,
                    "properties": {
                        "baseDir": ".",
                        "includes": "**\/*",
                        "excludes": "",
                        "followSymlinks": "false",
                        "caseSensitive": "true"
                    },
                    "type": "plugin",
                    "name": "Clean Working Directory",
                    "children": []
                },
                {
                    "allowFailure": false,
                    "useImpersonation": false,
                    "showHidden": false,
                    "impersonationUseSudo": false,
                    "commandName": "Download Artifacts",
                    "pluginName": "IBM UrbanCode Deploy Versioned File Storage",
                    "pluginVersion": 23,
                    "properties": {
                        "directoryOffset": ".",
                        "artifactSetBaseDir": "",
                        "fileIncludePatterns": "**\/*",
                        "fileExcludePatterns": "",
                        "syncMode": "true",
                        "fullVerification": "true",
                        "setFileExecuteBits": "false",
                        "verifyFileIntegrity": "false",
                        "versionId": "${p:version.id}",
                        "serverUrl": "${p:server.url}",
                        "compId": "${p:component.id}",
                        "resId": "${p:resource.id}",
                        "charset": "",
                        "label": ""
                    },
                    "type": "plugin",
                    "name": "Download Artifacts",
                    "children": []
                },
                {
                    "allowFailure": false,
                    "useImpersonation": false,
                    "showHidden": false,
                    "impersonationUseSudo": false,
                    "commandName": "IIS Configuration Replace Tokens",
                    "pluginName": "IIS-Configuration",
                    "pluginVersion": 1,
                    "properties": {
                        "tokenDelimiter": "@",
                        "propertyPrefix": "",
                        "customEncoding": "",
                        "envPropValues": "${p:environment\/allProperties}, ${p:component\/allProperties}, ${p:resource\/allProperties}"
                    },
                    "type": "plugin",
                    "name": "IIS Configuration Replace Tokens",
                    "children": []
                },
                {
                    "allowFailure": false,
                    "useImpersonation": false,
                    "showHidden": false,
                    "impersonationUseSudo": false,
                    "commandName": "IIS Configuration Apply",
                    "pluginName": "IIS-Configuration",
                    "pluginVersion": 1,
                    "properties": {
                        "webDeployPath": "${p?:resource\/iis.webDeployPath}",
                        "msDeployArgs": "",
                        "resourcePath": "${p?:resource.path}"
                    },
                    "type": "plugin",
                    "name": "IIS Configuration Apply",
                    "children": []
                }
            ]
        }
    }],
    "genericProcesses": [],
    "teamMappings": []
}