<?xml version="1.0" encoding="UTF-8"?><!--
- Licensed Materials - Property of IBM* and/or HCL**
- IBM UrbanCode Deploy
- (c) Copyright IBM Corporation 2011, 2017. All Rights Reserved.
- (c) Copyright HCL Technologies Ltd. 2018. All Rights Reserved.
-
- U.S. Government Users Restricted Rights - Use, duplication or disclosure restricted by
- GSA ADP Schedule Contract with IBM Corp.
-
- * Trademark of International Business Machines
- ** Trademark of HCL Technologies Limited
--><pluginInfo>
  <author name="IBM">
    <organization>IBM</organization>
    <website>http://www.ibm.com</website>
  </author>

  <integration type="Automation"/>

  <tool-description>The IBM Worklight plug-in provides functionality for deploying artifacts to an IBM Worklight Server.</tool-description>

  <!-- Do not change the release-version, the build process injects it. -->
  <release-version>11.981982</release-version>

  <release-notes>
    <release-note plugin-version="1">
      This plug-in provides access to the steps that are required to integrate with IBM Worklight Server 6.0.0.
    </release-note>
    <release-note plugin-version="2">
      Adds the ability to set the location of the Worklight JAR files as properties in the process steps.
    </release-note>
    <release-note plugin-version="3">
      Adds the ability to set the login information so that adapters and Worklight Applications can be deployed to a secure Worklight Server.
    </release-note>
    <release-note plugin-version="4">
      Adds support for integrating with IBM Worklight Server 6.2.0. Including steps for
      deleting adapters and Worklight Applications, and changing Worklight application
      access rules.
    </release-note>
    <release-note plugin-version="5">
      Fixes APAR PI35342 - compatibility defect with IBM Urbancode Deploy version 6.1.0.4 and later.
    </release-note>
    <release-note plugin-version="6">
      Now supporting MobileFirst (formerly "Worklight") versions 6.3 up to 7.1 (inclusive).
    </release-note>
    <release-note plugin-version="7">
      The "Deploy Adapter to Worklight Server" and "Deploy Worklight Application to Worklight Server" steps now except multiple files.
    </release-note>
    <release-note plugin-version="8">
      Fixes APAR PI57417. Plug-in now checks the agent settings for acceptance of self signed certificates.
    </release-note>
    <release-note plugin-version="9">
        Support property file encryption.
    </release-note>
    <release-note plugin-version="10">
        RFE 98468 - Support for IBM MobileFirst Platform v8.0
        Updated Step names, descriptions, and default property values to match IBM MobileFirst v8.0.
    </release-note>
    <release-note plugin-version="11">
        RFE 115145 - Support for web resource deployments on IBM MobileFirst Platform v8.0
    </release-note>
  </release-notes>
</pluginInfo>