<?xml version="1.0" encoding="UTF-8"?><pluginInfo>
  <!-- Do not change the release-version, the build process injects it. -->
  <release-version>2.827368</release-version>

  <release-notes>
    <!--
      The release-note should document the changes, improvements, or bug fixes introduced
      with the new plugin version

      The release-note may contain text

      For example your release note could be:
      Support for was added for version 10.0 for software X

      To add a new release note add this with a description in it of the changes:
      <release-note plugin-version="1">....</release-note>
    -->

    <release-note plugin-version="1">
      Initial release. Installing this plugin will give you access to the steps listed below.
    </release-note>
    <release-note plugin-version="2">
      -Fixed issue where plugin could not auto-import example processes, component templates, and appplications.
      -Added plugin dependencies for various plugin steps used in example processes, component templates, and applications
      -Fixed issue where topology discovery resource role attributes would not parse ":" characters properly
    </release-note>
  </release-notes>
</pluginInfo>