
    {
        "name": "Data Sources",
        "path": "/@websphere.cell@/ServerClusters/@websphere.cluster@/JDBC Providers/Derby JDBC Provider (XA)/Data Sources",
        "teamMappings": [],
        "description": "Discovered Data Sources",
        "inheritTeam": "true"
    },
    {
        "name": "PLANTSDB",
        "path": "/@websphere.cell@/ServerClusters/@websphere.cluster@/JDBC Providers/Derby JDBC Provider (XA)/Data Sources/PLANTSDB",
        "teamMappings": [],
        "inheritTeam": "true",
        "description": "Discovered WebSphereDataSource",
        "roleName": "WebSphereDataSource",
        "roleProperties": {
            "cmp": "true",
            "websphere.datasource.statementcachesize": "10",
            "websphere.datasource.logmissingtransactioncontext": "true",
            "websphere.datasource.datasourcehelperclassname": "com.ibm.websphere.rsadapter.DerbyDataStoreHelper",
            "websphere.datasource.authmechanismpreference": "BASIC_PASSWORD",
            "websphere.datasource.providertype": "Derby JDBC Provider (XA)",
            "websphere.datasource.jndiname": "jdbc/PlantsByWebSphereDataSource",
            "websphere.datasource.managecachedhandles": "false",
            "websphere.datasource.description": "New JDBC Datasource. This Datasource type is only configurable in version 6.0.2 and later nodes",
            "websphere.datasource.diagnoseconnectionusage": "false",
            "websphere.datasource.name": "PLANTSDB"
        }
    },
    {
        "name": "Connection Pools",
        "path": "/@websphere.cell@/ServerClusters/@websphere.cluster@/JDBC Providers/Derby JDBC Provider (XA)/Data Sources/PLANTSDB/Connection Pools",
        "teamMappings": [],
        "description": "Discovered Connection Pools",
        "inheritTeam": "true"
    },
    {
        "name": "ConnectionPool",
        "path": "/@websphere.cell@/ServerClusters/@websphere.cluster@/JDBC Providers/Derby JDBC Provider (XA)/Data Sources/PLANTSDB/Connection Pools/ConnectionPool",
        "teamMappings": [],
        "inheritTeam": "true",
        "description": "Discovered WebSphereConnectionPool",
        "roleName": "WebSphereConnectionPool",
        "roleProperties": {
            "websphere.connectionpool.stuckthreshold": "0",
            "websphere.connectionpool.unusedtimeout": "1800",
            "websphere.connectionpool.maxconnections": "10",
            "websphere.connectionpool.stucktimertime": "0",
            "websphere.connectionpool.testconnectioninterval": "0",
            "websphere.connectionpool.minconnections": "1",
            "websphere.connectionpool.surgethreshold": "-1",
            "websphere.connectionpool.connectiontimeout": "180",
            "websphere.connectionpool.purgepolicy": "EntirePool",
            "websphere.connectionpool.surgecreationinterval": "0",
            "websphere.connectionpool.numberofunsharedpoolpartitions": "0",
            "websphere.connectionpool.stucktime": "0",
            "websphere.connectionpool.agedtimeout": "0",
            "websphere.connectionpool.reaptime": "180",
            "websphere.connectionpool.testconnection": "false",
            "websphere.connectionpool.numberofsharedpoolpartitions": "0",
            "websphere.connectionpool.freepooldistributiontablesize": "0",
            "websphere.connectionpool.numberoffreepoolpartitions": "0"
        }
    },
    {
        "name": "J2EE Resource Property Sets",
        "path": "/@websphere.cell@/ServerClusters/@websphere.cluster@/JDBC Providers/Derby JDBC Provider (XA)/Data Sources/PLANTSDB/J2EE Resource Property Sets",
        "teamMappings": [],
        "description": "Discovered J2EE Resource Property Sets",
        "inheritTeam": "true"
    },
    {
        "name": "J2EEResourcePropertySet",
        "path": "/@websphere.cell@/ServerClusters/@websphere.cluster@/JDBC Providers/Derby JDBC Provider (XA)/Data Sources/PLANTSDB/J2EE Resource Property Sets/J2EEResourcePropertySet",
        "teamMappings": [],
        "inheritTeam": "true",
        "description": "Discovered WebSphereJ2EEResourcePropertySet",
        "roleName": "WebSphereJ2EEResourcePropertySet",
        "roleProperties": {}
    },
    {
        "name": "J2EE Resource Properties",
        "path": "/@websphere.cell@/ServerClusters/@websphere.cluster@/JDBC Providers/Derby JDBC Provider (XA)/Data Sources/PLANTSDB/J2EE Resource Property Sets/J2EEResourcePropertySet/J2EE Resource Properties",
        "teamMappings": [],
        "description": "Discovered J2EE Resource Properties",
        "inheritTeam": "true"
    },
    {
        "name": "databaseName",
        "path": "/@websphere.cell@/ServerClusters/@websphere.cluster@/JDBC Providers/Derby JDBC Provider (XA)/Data Sources/PLANTSDB/J2EE Resource Property Sets/J2EEResourcePropertySet/J2EE Resource Properties/databaseName",
        "teamMappings": [],
        "inheritTeam": "true",
        "description": "Discovered WebSphereJ2EEResourceProperty",
        "roleName": "WebSphereJ2EEResourceProperty",
        "roleProperties": {
            "websphere.j2eeresourceproperty.name": "databaseName",
            "websphere.j2eeresourceproperty.type": "java.lang.String",
            "websphere.j2eeresourceproperty.description": "This is a required property. This property must be set and it identifies which database to access. For example, g:/db/wombat.",
            "websphere.j2eeresourceproperty.confidential": "false",
            "websphere.j2eeresourceproperty.value": "${APP_INSTALL_ROOT}/@websphere.cell@/PlantsByWebSphere.ear/Database/PLANTSDB",
            "websphere.j2eeresourceproperty.supportsdynamicupdates": "false",
            "websphere.j2eeresourceproperty.required": "true",
            "websphere.j2eeresourceproperty.ignore": "false"
        }
    },
    {
        "name": "shutdownDatabase",
        "path": "/@websphere.cell@/ServerClusters/@websphere.cluster@/JDBC Providers/Derby JDBC Provider (XA)/Data Sources/PLANTSDB/J2EE Resource Property Sets/J2EEResourcePropertySet/J2EE Resource Properties/shutdownDatabase",
        "teamMappings": [],
        "inheritTeam": "true",
        "description": "Discovered WebSphereJ2EEResourceProperty",
        "roleName": "WebSphereJ2EEResourceProperty",
        "roleProperties": {
            "websphere.j2eeresourceproperty.name": "shutdownDatabase",
            "websphere.j2eeresourceproperty.type": "java.lang.String",
            "websphere.j2eeresourceproperty.description": "If set to the string 'shutdown', this will cause the database to shutdown when a java.sql.Connection object is obtained from the Data Source. E.g., If the Data Source is an XADataSource, a getXAConnection().getConnection() is necessary to cause the database to shutdown",
            "websphere.j2eeresourceproperty.confidential": "false",
            "websphere.j2eeresourceproperty.value": "",
            "websphere.j2eeresourceproperty.supportsdynamicupdates": "false",
            "websphere.j2eeresourceproperty.required": "false",
            "websphere.j2eeresourceproperty.ignore": "false"
        }
    },
    {
        "name": "dataSourceName",
        "path": "/@websphere.cell@/ServerClusters/@websphere.cluster@/JDBC Providers/Derby JDBC Provider (XA)/Data Sources/PLANTSDB/J2EE Resource Property Sets/J2EEResourcePropertySet/J2EE Resource Properties/dataSourceName",
        "teamMappings": [],
        "inheritTeam": "true",
        "description": "Discovered WebSphereJ2EEResourceProperty",
        "roleName": "WebSphereJ2EEResourceProperty",
        "roleProperties": {
            "websphere.j2eeresourceproperty.name": "dataSourceName",
            "websphere.j2eeresourceproperty.type": "java.lang.String",
            "websphere.j2eeresourceproperty.description": "Name for XADataSource. Not used by the data source object. Used for informational purpose only.",
            "websphere.j2eeresourceproperty.confidential": "false",
            "websphere.j2eeresourceproperty.value": "",
            "websphere.j2eeresourceproperty.supportsdynamicupdates": "false",
            "websphere.j2eeresourceproperty.required": "false",
            "websphere.j2eeresourceproperty.ignore": "false"
        }
    },
    {
        "name": "description",
        "path": "/@websphere.cell@/ServerClusters/@websphere.cluster@/JDBC Providers/Derby JDBC Provider (XA)/Data Sources/PLANTSDB/J2EE Resource Property Sets/J2EEResourcePropertySet/J2EE Resource Properties/description",
        "teamMappings": [],
        "inheritTeam": "true",
        "description": "Discovered WebSphereJ2EEResourceProperty",
        "roleName": "WebSphereJ2EEResourceProperty",
        "roleProperties": {
            "websphere.j2eeresourceproperty.name": "description",
            "websphere.j2eeresourceproperty.type": "java.lang.String",
            "websphere.j2eeresourceproperty.description": "Description of the Data Source. Not used by the Data Source object. Used for informational purpose only.",
            "websphere.j2eeresourceproperty.confidential": "false",
            "websphere.j2eeresourceproperty.value": "",
            "websphere.j2eeresourceproperty.supportsdynamicupdates": "false",
            "websphere.j2eeresourceproperty.required": "false",
            "websphere.j2eeresourceproperty.ignore": "false"
        }
    },
    {
        "name": "connectionAttributes",
        "path": "/@websphere.cell@/ServerClusters/@websphere.cluster@/JDBC Providers/Derby JDBC Provider (XA)/Data Sources/PLANTSDB/J2EE Resource Property Sets/J2EEResourcePropertySet/J2EE Resource Properties/connectionAttributes",
        "teamMappings": [],
        "inheritTeam": "true",
        "description": "Discovered WebSphereJ2EEResourceProperty",
        "roleName": "WebSphereJ2EEResourceProperty",
        "roleProperties": {
            "websphere.j2eeresourceproperty.name": "connectionAttributes",
            "websphere.j2eeresourceproperty.type": "java.lang.String",
            "websphere.j2eeresourceproperty.description": "Connection attributes specific to Derby. Please see the Derby documentation for a complete list of features.",
            "websphere.j2eeresourceproperty.confidential": "false",
            "websphere.j2eeresourceproperty.value": "",
            "websphere.j2eeresourceproperty.supportsdynamicupdates": "false",
            "websphere.j2eeresourceproperty.required": "false",
            "websphere.j2eeresourceproperty.ignore": "false"
        }
    },
    {
        "name": "createDatabase",
        "path": "/@websphere.cell@/ServerClusters/@websphere.cluster@/JDBC Providers/Derby JDBC Provider (XA)/Data Sources/PLANTSDB/J2EE Resource Property Sets/J2EEResourcePropertySet/J2EE Resource Properties/createDatabase",
        "teamMappings": [],
        "inheritTeam": "true",
        "description": "Discovered WebSphereJ2EEResourceProperty",
        "roleName": "WebSphereJ2EEResourceProperty",
        "roleProperties": {
            "websphere.j2eeresourceproperty.name": "createDatabase",
            "websphere.j2eeresourceproperty.type": "java.lang.String",
            "websphere.j2eeresourceproperty.description": "If set to the string 'create', this will cause a new database of DatabaseName if that database does not already exist. The database is created when a connection object is obtained from the Data Source.",
            "websphere.j2eeresourceproperty.confidential": "false",
            "websphere.j2eeresourceproperty.value": "",
            "websphere.j2eeresourceproperty.supportsdynamicupdates": "false",
            "websphere.j2eeresourceproperty.required": "false",
            "websphere.j2eeresourceproperty.ignore": "false"
        }
    },
    {
        "name": "enableMultithreadedAccessDetection",
        "path": "/@websphere.cell@/ServerClusters/@websphere.cluster@/JDBC Providers/Derby JDBC Provider (XA)/Data Sources/PLANTSDB/J2EE Resource Property Sets/J2EEResourcePropertySet/J2EE Resource Properties/enableMultithreadedAccessDetection",
        "teamMappings": [],
        "inheritTeam": "true",
        "description": "Discovered WebSphereJ2EEResourceProperty",
        "roleName": "WebSphereJ2EEResourceProperty",
        "roleProperties": {
            "websphere.j2eeresourceproperty.name": "enableMultithreadedAccessDetection",
            "websphere.j2eeresourceproperty.type": "java.lang.Boolean",
            "websphere.j2eeresourceproperty.description": "Indicates whether or not to detect multithreaded access to a Connection and its corresponding Statements, ResultSets, and MetaDatas.",
            "websphere.j2eeresourceproperty.confidential": "false",
            "websphere.j2eeresourceproperty.value": "false",
            "websphere.j2eeresourceproperty.supportsdynamicupdates": "false",
            "websphere.j2eeresourceproperty.required": "false",
            "websphere.j2eeresourceproperty.ignore": "false"
        }
    },
    {
        "name": "reauthentication",
        "path": "/@websphere.cell@/ServerClusters/@websphere.cluster@/JDBC Providers/Derby JDBC Provider (XA)/Data Sources/PLANTSDB/J2EE Resource Property Sets/J2EEResourcePropertySet/J2EE Resource Properties/reauthentication",
        "teamMappings": [],
        "inheritTeam": "true",
        "description": "Discovered WebSphereJ2EEResourceProperty",
        "roleName": "WebSphereJ2EEResourceProperty",
        "roleProperties": {
            "websphere.j2eeresourceproperty.name": "reauthentication",
            "websphere.j2eeresourceproperty.type": "java.lang.Boolean",
            "websphere.j2eeresourceproperty.description": "Specifies whether to allow reauthentication of connections.  This option requires implementation of the doConnectionSetupPerTransaction() method on the DataStoreHelper where the reauthentication is expected to take place.",
            "websphere.j2eeresourceproperty.confidential": "false",
            "websphere.j2eeresourceproperty.value": "false",
            "websphere.j2eeresourceproperty.supportsdynamicupdates": "false",
            "websphere.j2eeresourceproperty.required": "false",
            "websphere.j2eeresourceproperty.ignore": "false"
        }
    },
    {
        "name": "preTestSQLString",
        "path": "/@websphere.cell@/ServerClusters/@websphere.cluster@/JDBC Providers/Derby JDBC Provider (XA)/Data Sources/PLANTSDB/J2EE Resource Property Sets/J2EEResourcePropertySet/J2EE Resource Properties/preTestSQLString",
        "teamMappings": [],
        "inheritTeam": "true",
        "description": "Discovered WebSphereJ2EEResourceProperty",
        "roleName": "WebSphereJ2EEResourceProperty",
        "roleProperties": {
            "websphere.j2eeresourceproperty.name": "preTestSQLString",
            "websphere.j2eeresourceproperty.type": "java.lang.String",
            "websphere.j2eeresourceproperty.description": "This SQL statement is used for pre-test connection function. For example, SELECT 1 FROM [TESTTABLE]. If pre-testing of connection is enabled for the connection pool, this SQL statement will be executed to the connection to make sure the connection is good. If you leave this field blank, the default SQL statement, SELECT CURRENT SQLID FROM SYSIBM.SYSDUMMY1, will be used at runtime. This will slow down the execution because of the exception handling if table SYSIBM.SYSDUMMY1 is not defined in the database. Users are recommended to provide their own SQL statement to improve the performance.",
            "websphere.j2eeresourceproperty.confidential": "false",
            "websphere.j2eeresourceproperty.value": "SELECT CURRENT SQLID FROM SYSIBM.SYSDUMMY1",
            "websphere.j2eeresourceproperty.supportsdynamicupdates": "false",
            "websphere.j2eeresourceproperty.required": "false",
            "websphere.j2eeresourceproperty.ignore": "false"
        }
    },
    {
        "name": "validateNewConnection",
        "path": "/@websphere.cell@/ServerClusters/@websphere.cluster@/JDBC Providers/Derby JDBC Provider (XA)/Data Sources/PLANTSDB/J2EE Resource Property Sets/J2EEResourcePropertySet/J2EE Resource Properties/validateNewConnection",
        "teamMappings": [],
        "inheritTeam": "true",
        "description": "Discovered WebSphereJ2EEResourceProperty",
        "roleName": "WebSphereJ2EEResourceProperty",
        "roleProperties": {
            "websphere.j2eeresourceproperty.name": "validateNewConnection",
            "websphere.j2eeresourceproperty.type": "java.lang.Boolean",
            "websphere.j2eeresourceproperty.description": "Setting this flag to true will cause to WebSphere Application Server to validate connections when they first get created and to keep trying to get a good connection from the database if the validation fails. Setting this flag to false prevents any additional validation from being performed - newly created connections are assumed to be valid and usable. ",
            "websphere.j2eeresourceproperty.confidential": "false",
            "websphere.j2eeresourceproperty.value": "false",
            "websphere.j2eeresourceproperty.supportsdynamicupdates": "false",
            "websphere.j2eeresourceproperty.required": "false",
            "websphere.j2eeresourceproperty.ignore": "false"
        }
    },
    {
        "name": "validateNewConnectionRetryCount",
        "path": "/@websphere.cell@/ServerClusters/@websphere.cluster@/JDBC Providers/Derby JDBC Provider (XA)/Data Sources/PLANTSDB/J2EE Resource Property Sets/J2EEResourcePropertySet/J2EE Resource Properties/validateNewConnectionRetryCount",
        "teamMappings": [],
        "inheritTeam": "true",
        "description": "Discovered WebSphereJ2EEResourceProperty",
        "roleName": "WebSphereJ2EEResourceProperty",
        "roleProperties": {
            "websphere.j2eeresourceproperty.name": "validateNewConnectionRetryCount",
            "websphere.j2eeresourceproperty.type": "java.lang.Integer",
            "websphere.j2eeresourceproperty.description": "This is useful only if validateNewConnection flag is true.  This property controls how many times WebSphere will try to get a connection from the database before giving up",
            "websphere.j2eeresourceproperty.confidential": "false",
            "websphere.j2eeresourceproperty.value": "100",
            "websphere.j2eeresourceproperty.supportsdynamicupdates": "false",
            "websphere.j2eeresourceproperty.required": "false",
            "websphere.j2eeresourceproperty.ignore": "false"
        }
    },
    {
        "name": "validateNewConnectionRetryInterval",
        "path": "/@websphere.cell@/ServerClusters/@websphere.cluster@/JDBC Providers/Derby JDBC Provider (XA)/Data Sources/PLANTSDB/J2EE Resource Property Sets/J2EEResourcePropertySet/J2EE Resource Properties/validateNewConnectionRetryInterval",
        "teamMappings": [],
        "inheritTeam": "true",
        "description": "Discovered WebSphereJ2EEResourceProperty",
        "roleName": "WebSphereJ2EEResourceProperty",
        "roleProperties": {
            "websphere.j2eeresourceproperty.name": "validateNewConnectionRetryInterval",
            "websphere.j2eeresourceproperty.type": "java.lang.Long",
            "websphere.j2eeresourceproperty.description": "This is useful only if validateNewConnection flag is true.  This property controls the interval between retries to retrieve a connection from the database.  Unit is seconds",
            "websphere.j2eeresourceproperty.confidential": "false",
            "websphere.j2eeresourceproperty.value": "3",
            "websphere.j2eeresourceproperty.supportsdynamicupdates": "false",
            "websphere.j2eeresourceproperty.required": "false",
            "websphere.j2eeresourceproperty.ignore": "false"
        }
    },
    {
        "name": "dbFailOverEnabled",
        "path": "/@websphere.cell@/ServerClusters/@websphere.cluster@/JDBC Providers/Derby JDBC Provider (XA)/Data Sources/PLANTSDB/J2EE Resource Property Sets/J2EEResourcePropertySet/J2EE Resource Properties/dbFailOverEnabled",
        "teamMappings": [],
        "inheritTeam": "true",
        "description": "Discovered WebSphereJ2EEResourceProperty",
        "roleName": "WebSphereJ2EEResourceProperty",
        "roleProperties": {
            "websphere.j2eeresourceproperty.name": "dbFailOverEnabled",
            "websphere.j2eeresourceproperty.type": "java.lang.Boolean",
            "websphere.j2eeresourceproperty.description": "Deprecated. Please use the validateNewConnection property instead. This flag should be set to true only if the backend database is configured with failover capability.  This flag will indicate to WebSphere to validate connections when they first get created and to keep trying to get a good connection from the database when the validation fails.",
            "websphere.j2eeresourceproperty.confidential": "false",
            "websphere.j2eeresourceproperty.value": "",
            "websphere.j2eeresourceproperty.supportsdynamicupdates": "false",
            "websphere.j2eeresourceproperty.required": "false",
            "websphere.j2eeresourceproperty.ignore": "false"
        }
    },
    {
        "name": "connRetriesDuringDBFailover",
        "path": "/@websphere.cell@/ServerClusters/@websphere.cluster@/JDBC Providers/Derby JDBC Provider (XA)/Data Sources/PLANTSDB/J2EE Resource Property Sets/J2EEResourcePropertySet/J2EE Resource Properties/connRetriesDuringDBFailover",
        "teamMappings": [],
        "inheritTeam": "true",
        "description": "Discovered WebSphereJ2EEResourceProperty",
        "roleName": "WebSphereJ2EEResourceProperty",
        "roleProperties": {
            "websphere.j2eeresourceproperty.name": "connRetriesDuringDBFailover",
            "websphere.j2eeresourceproperty.type": "java.lang.Integer",
            "websphere.j2eeresourceproperty.description": "Deprecated. Please use the validateNewConnectionRetryCount property instead. This is useful only if dbFailOverEnabled flag is true.  This property controls how many times WebSphere will try to get a connection from the database before giving up",
            "websphere.j2eeresourceproperty.confidential": "false",
            "websphere.j2eeresourceproperty.value": "",
            "websphere.j2eeresourceproperty.supportsdynamicupdates": "false",
            "websphere.j2eeresourceproperty.required": "false",
            "websphere.j2eeresourceproperty.ignore": "false"
        }
    },
    {
        "name": "connRetryIntervalDuringDBFailover",
        "path": "/@websphere.cell@/ServerClusters/@websphere.cluster@/JDBC Providers/Derby JDBC Provider (XA)/Data Sources/PLANTSDB/J2EE Resource Property Sets/J2EEResourcePropertySet/J2EE Resource Properties/connRetryIntervalDuringDBFailover",
        "teamMappings": [],
        "inheritTeam": "true",
        "description": "Discovered WebSphereJ2EEResourceProperty",
        "roleName": "WebSphereJ2EEResourceProperty",
        "roleProperties": {
            "websphere.j2eeresourceproperty.name": "connRetryIntervalDuringDBFailover",
            "websphere.j2eeresourceproperty.type": "java.lang.Long",
            "websphere.j2eeresourceproperty.description": "Deprecated. Please use the validateNewConnectionRetryInterval instead. This is useful only if dbFailOverEnabled flag is true.  This property controls the interval between retries to retrieve a connection from the database.",
            "websphere.j2eeresourceproperty.confidential": "false",
            "websphere.j2eeresourceproperty.value": "",
            "websphere.j2eeresourceproperty.supportsdynamicupdates": "false",
            "websphere.j2eeresourceproperty.required": "false",
            "websphere.j2eeresourceproperty.ignore": "false"
        }
    },
    {
        "name": "errorDetectionModel",
        "path": "/@websphere.cell@/ServerClusters/@websphere.cluster@/JDBC Providers/Derby JDBC Provider (XA)/Data Sources/PLANTSDB/J2EE Resource Property Sets/J2EEResourcePropertySet/J2EE Resource Properties/errorDetectionModel",
        "teamMappings": [],
        "inheritTeam": "true",
        "description": "Discovered WebSphereJ2EEResourceProperty",
        "roleName": "WebSphereJ2EEResourceProperty",
        "roleProperties": {
            "websphere.j2eeresourceproperty.name": "errorDetectionModel",
            "websphere.j2eeresourceproperty.type": "java.lang.String",
            "websphere.j2eeresourceproperty.description": "The error detection model determines how fatal connection and statement errors are detected, including which types of exceptions are raised to the application. Under the ExceptionChecking model, the application server uses the error mapping facility defined in the Data Store Helper only to identify errors. The application server does not replace exceptions thrown by the JDBC driver with exceptions defined in the error map of the Data Store Helper.  Under the ExceptionMapping model, the application server uses the error mapping facility defined in the Data Store Helper to detect fatal connection and statement errors. The application server overrides exceptions thrown by the JDBC driver with exceptions defined in the error map of the Data Store Helper. The ExceptionMapping setting is not compliant with JDBC 4.0 and above, but is necessary for applications written according to the WebSphere Application Server exception mapping model.",
            "websphere.j2eeresourceproperty.confidential": "false",
            "websphere.j2eeresourceproperty.value": "ExceptionMapping",
            "websphere.j2eeresourceproperty.supportsdynamicupdates": "false",
            "websphere.j2eeresourceproperty.required": "false",
            "websphere.j2eeresourceproperty.ignore": "false"
        }
    },
    {
        "name": "nonTransactionalDataSource",
        "path": "/@websphere.cell@/ServerClusters/@websphere.cluster@/JDBC Providers/Derby JDBC Provider (XA)/Data Sources/PLANTSDB/J2EE Resource Property Sets/J2EEResourcePropertySet/J2EE Resource Properties/nonTransactionalDataSource",
        "teamMappings": [],
        "inheritTeam": "true",
        "description": "Discovered WebSphereJ2EEResourceProperty",
        "roleName": "WebSphereJ2EEResourceProperty",
        "roleProperties": {
            "websphere.j2eeresourceproperty.name": "nonTransactionalDataSource",
            "websphere.j2eeresourceproperty.type": "java.lang.Boolean",
            "websphere.j2eeresourceproperty.description": "Setting this flag to true will cause the Application Server to never enlist the connections from this datasource in global or local transactions.  Applications must explicitly call setAutoCommit(false) on the connection if they want to start a local transaction on the connection and they must commit or rollback the transaction that they started.",
            "websphere.j2eeresourceproperty.confidential": "false",
            "websphere.j2eeresourceproperty.value": "false",
            "websphere.j2eeresourceproperty.supportsdynamicupdates": "false",
            "websphere.j2eeresourceproperty.required": "false",
            "websphere.j2eeresourceproperty.ignore": "false"
        }
    },
    {
        "name": "freeResourcesOnClose",
        "path": "/@websphere.cell@/ServerClusters/@websphere.cluster@/JDBC Providers/Derby JDBC Provider (XA)/Data Sources/PLANTSDB/J2EE Resource Property Sets/J2EEResourcePropertySet/J2EE Resource Properties/freeResourcesOnClose",
        "teamMappings": [],
        "inheritTeam": "true",
        "description": "Discovered WebSphereJ2EEResourceProperty",
        "roleName": "WebSphereJ2EEResourceProperty",
        "roleProperties": {
            "websphere.j2eeresourceproperty.name": "freeResourcesOnClose",
            "websphere.j2eeresourceproperty.type": "java.lang.Boolean",
            "websphere.j2eeresourceproperty.description": "Controls whether or not the application server automatically frees Arrays, Blobs, Clobs, NClobs, SQLXMLs, InputStream, and Readers when the object that created them is closed. The ability to free resources is contingent on the JDBC driver supporting the free (or close) method.",
            "websphere.j2eeresourceproperty.confidential": "false",
            "websphere.j2eeresourceproperty.value": "false",
            "websphere.j2eeresourceproperty.supportsdynamicupdates": "false",
            "websphere.j2eeresourceproperty.required": "false",
            "websphere.j2eeresourceproperty.ignore": "false"
        }
    },
    {
        "name": "syncQueryTimeoutWithTransactionTimeout",
        "path": "/@websphere.cell@/ServerClusters/@websphere.cluster@/JDBC Providers/Derby JDBC Provider (XA)/Data Sources/PLANTSDB/J2EE Resource Property Sets/J2EEResourcePropertySet/J2EE Resource Properties/syncQueryTimeoutWithTransactionTimeout",
        "teamMappings": [],
        "inheritTeam": "true",
        "description": "Discovered WebSphereJ2EEResourceProperty",
        "roleName": "WebSphereJ2EEResourceProperty",
        "roleProperties": {
            "websphere.j2eeresourceproperty.name": "syncQueryTimeoutWithTransactionTimeout",
            "websphere.j2eeresourceproperty.type": "java.lang.Boolean",
            "websphere.j2eeresourceproperty.description": "Use the time remaining (if any) in a JTA transaction as the default query timeout for SQL statements.",
            "websphere.j2eeresourceproperty.confidential": "false",
            "websphere.j2eeresourceproperty.value": "",
            "websphere.j2eeresourceproperty.supportsdynamicupdates": "false",
            "websphere.j2eeresourceproperty.required": "false",
            "websphere.j2eeresourceproperty.ignore": "false"
        }
    },
    {
        "name": "userDefinedErrorMap",
        "path": "/@websphere.cell@/ServerClusters/@websphere.cluster@/JDBC Providers/Derby JDBC Provider (XA)/Data Sources/PLANTSDB/J2EE Resource Property Sets/J2EEResourcePropertySet/J2EE Resource Properties/userDefinedErrorMap",
        "teamMappings": [],
        "inheritTeam": "true",
        "description": "Discovered WebSphereJ2EEResourceProperty",
        "roleName": "WebSphereJ2EEResourceProperty",
        "roleProperties": {
            "websphere.j2eeresourceproperty.name": "userDefinedErrorMap",
            "websphere.j2eeresourceproperty.type": "java.lang.String",
            "websphere.j2eeresourceproperty.description": "Overlays existing entries in the error map by invoking DataStoreHelper.setUserDefinedMap. The userDefinedErrorMap can be used to add, change, or remove entries from the error map. Entries are delimited by ; (semicolon). Each entry consists of a key and value, where the key is an error code (numeric value) or SQLState (text enclosed in double quotes). Keys and values are are separated by = (equals sign). Please refer to WebSphere Information Center for more details",
            "websphere.j2eeresourceproperty.confidential": "false",
            "websphere.j2eeresourceproperty.value": "",
            "websphere.j2eeresourceproperty.supportsdynamicupdates": "false",
            "websphere.j2eeresourceproperty.required": "false",
            "websphere.j2eeresourceproperty.ignore": "false"
        }
    },
    {
        "name": "beginTranForResultSetScrollingAPIs",
        "path": "/@websphere.cell@/ServerClusters/@websphere.cluster@/JDBC Providers/Derby JDBC Provider (XA)/Data Sources/PLANTSDB/J2EE Resource Property Sets/J2EEResourcePropertySet/J2EE Resource Properties/beginTranForResultSetScrollingAPIs",
        "teamMappings": [],
        "inheritTeam": "true",
        "description": "Discovered WebSphereJ2EEResourceProperty",
        "roleName": "WebSphereJ2EEResourceProperty",
        "roleProperties": {
            "websphere.j2eeresourceproperty.name": "beginTranForResultSetScrollingAPIs",
            "websphere.j2eeresourceproperty.type": "java.lang.Boolean",
            "websphere.j2eeresourceproperty.description": "If beginTranForResultSetScrollingAPIs is enabled, the application server attempts to begin a transaction or enlist in a transaction when the connection is not currently enlisted in a transaction and a result set scrolling operation is performed.",
            "websphere.j2eeresourceproperty.confidential": "false",
            "websphere.j2eeresourceproperty.value": "false",
            "websphere.j2eeresourceproperty.supportsdynamicupdates": "false",
            "websphere.j2eeresourceproperty.required": "false",
            "websphere.j2eeresourceproperty.ignore": "false"
        }
    },
    {
        "name": "beginTranForVendorAPIs",
        "path": "/@websphere.cell@/ServerClusters/@websphere.cluster@/JDBC Providers/Derby JDBC Provider (XA)/Data Sources/PLANTSDB/J2EE Resource Property Sets/J2EEResourcePropertySet/J2EE Resource Properties/beginTranForVendorAPIs",
        "teamMappings": [],
        "inheritTeam": "true",
        "description": "Discovered WebSphereJ2EEResourceProperty",
        "roleName": "WebSphereJ2EEResourceProperty",
        "roleProperties": {
            "websphere.j2eeresourceproperty.name": "beginTranForVendorAPIs",
            "websphere.j2eeresourceproperty.type": "java.lang.Boolean",
            "websphere.j2eeresourceproperty.description": "If beginTranForVendorAPIs is enabled, the application server attempts to begin a transaction or enlist in a transaction when the connection is not currently enlisted in a transaction and a vendor API is invoked with the wrapper pattern or with WSCallHelper.jdbcCall or WSCallHelper.jdbcPass.",
            "websphere.j2eeresourceproperty.confidential": "false",
            "websphere.j2eeresourceproperty.value": "false",
            "websphere.j2eeresourceproperty.supportsdynamicupdates": "false",
            "websphere.j2eeresourceproperty.required": "false",
            "websphere.j2eeresourceproperty.ignore": "false"
        }
    },
    {
        "name": "connectionSharing",
        "path": "/@websphere.cell@/ServerClusters/@websphere.cluster@/JDBC Providers/Derby JDBC Provider (XA)/Data Sources/PLANTSDB/J2EE Resource Property Sets/J2EEResourcePropertySet/J2EE Resource Properties/connectionSharing",
        "teamMappings": [],
        "inheritTeam": "true",
        "description": "Discovered WebSphereJ2EEResourceProperty",
        "roleName": "WebSphereJ2EEResourceProperty",
        "roleProperties": {
            "websphere.j2eeresourceproperty.name": "connectionSharing",
            "websphere.j2eeresourceproperty.type": "java.lang.Integer",
            "websphere.j2eeresourceproperty.description": "Determines whether connections are shared based on the current state of the connection (-1) or the original connection request (0). To specify with greater granularity which connection properties are matched based on the current state, you may combine the following constants by adding them together: 1=transaction isolation level, 2=read only, 4=holdability, 8=type map, 16=catalog.",
            "websphere.j2eeresourceproperty.confidential": "false",
            "websphere.j2eeresourceproperty.value": "1",
            "websphere.j2eeresourceproperty.supportsdynamicupdates": "false",
            "websphere.j2eeresourceproperty.required": "false",
            "websphere.j2eeresourceproperty.ignore": "false"
        }
    },
    {
        "name": "webSphereDefaultIsolationLevel",
        "path": "/@websphere.cell@/ServerClusters/@websphere.cluster@/JDBC Providers/Derby JDBC Provider (XA)/Data Sources/PLANTSDB/J2EE Resource Property Sets/J2EEResourcePropertySet/J2EE Resource Properties/webSphereDefaultIsolationLevel",
        "teamMappings": [],
        "inheritTeam": "true",
        "description": "Discovered WebSphereJ2EEResourceProperty",
        "roleName": "WebSphereJ2EEResourceProperty",
        "roleProperties": {
            "websphere.j2eeresourceproperty.name": "webSphereDefaultIsolationLevel",
            "websphere.j2eeresourceproperty.type": "java.lang.Integer",
            "websphere.j2eeresourceproperty.description": "Specifies a default transaction isolation level for new connections. Resource References and Access Intents override this value. To configure a default transaction isolation level, use the constants defined by JDBC: 1 (READ UNCOMMITTED), 2 (READ COMMITTED), 4 (REPEATABLE READ), 8 (SERIALIZABLE).",
            "websphere.j2eeresourceproperty.confidential": "false",
            "websphere.j2eeresourceproperty.value": "",
            "websphere.j2eeresourceproperty.supportsdynamicupdates": "false",
            "websphere.j2eeresourceproperty.required": "false",
            "websphere.j2eeresourceproperty.ignore": "false"
        }
    },
    {
        "name": "webSphereDefaultQueryTimeout",
        "path": "/@websphere.cell@/ServerClusters/@websphere.cluster@/JDBC Providers/Derby JDBC Provider (XA)/Data Sources/PLANTSDB/J2EE Resource Property Sets/J2EEResourcePropertySet/J2EE Resource Properties/webSphereDefaultQueryTimeout",
        "teamMappings": [],
        "inheritTeam": "true",
        "description": "Discovered WebSphereJ2EEResourceProperty",
        "roleName": "WebSphereJ2EEResourceProperty",
        "roleProperties": {
            "websphere.j2eeresourceproperty.name": "webSphereDefaultQueryTimeout",
            "websphere.j2eeresourceproperty.type": "java.lang.Integer",
            "websphere.j2eeresourceproperty.description": "Sets a default query timeout, which is the number of seconds (0 means infinite) that a SQL statement may execute before timing out. This default value is overridden during a JTA transaction if custom property syncQueryTimeoutWithTransactionTimeout is enabled.",
            "websphere.j2eeresourceproperty.confidential": "false",
            "websphere.j2eeresourceproperty.value": "",
            "websphere.j2eeresourceproperty.supportsdynamicupdates": "false",
            "websphere.j2eeresourceproperty.required": "false",
            "websphere.j2eeresourceproperty.ignore": "false"
        }
    },
    {
        "name": "Mapping Modules",
        "path": "/@websphere.cell@/ServerClusters/@websphere.cluster@/JDBC Providers/Derby JDBC Provider (XA)/Data Sources/PLANTSDB/Mapping Modules",
        "teamMappings": [],
        "description": "Discovered Mapping Modules",
        "inheritTeam": "true"
    },
    {
        "name": "MappingModule",
        "path": "/@websphere.cell@/ServerClusters/@websphere.cluster@/JDBC Providers/Derby JDBC Provider (XA)/Data Sources/PLANTSDB/Mapping Modules/MappingModule",
        "teamMappings": [],
        "inheritTeam": "true",
        "description": "Discovered WebSphereMappingModule",
        "roleName": "WebSphereMappingModule",
        "roleProperties": {
            "websphere.mappingmodule.authdataalias": "",
            "websphere.mappingmodule.mappingconfigalias": ""
        }
    }
