<?xml version="1.0" encoding="UTF-8" standalone="no"?>
<!--
- Licensed Materials - Property of IBM* and/or HCL**
- UrbanCode Deploy
- UrbanCode Build
- UrbanCode Release
- AnthillPro
- (c) Copyright IBM Corporation 2011, 2017. All Rights Reserved.
- (c) Copyright HCL Technologies Ltd. 2018. All Rights Reserved.
-
- U.S. Government Users Restricted Rights - Use, duplication or disclosure restricted by
- GSA ADP Schedule Contract with IBM Corp.
-
- * Trademark of International Business Machines
- ** Trademark of HCL Technologies Limited
--><pluginInfo>
  <!--

  **author name IS required**

  The Author Section is used to give credit to the author of the plugin.
  Name is the only required element/attribute, but feel free to also include your email,
  website  or bio to allow users of your plugin to praise your work, ask questions
  or share their use case to help grow your plugin's functionality.
  -->

  <author name="UrbanCode">
    <organization>UrbanCode</organization>
    <email>info@urbancode.com</email>
    <website>http://urbancode.com</website>
    <bio/>
  </author>

  <!--

  **intergration type IS Required**

  The integration type section identifies where the plugin fits into the process
  excepted types are SCM, Build, Artifact, Automation, Deploy

  For example:

  The plugin pulls Artifacts from an artifact repository during deployment
  the Type would be "Artifact"
  or
  The plugin deploys to a middleware server
  the Type would be "Deploy"
  -->

  <integration type="Automation"/>


  <!--
  **source is NOT required**

  The source section identifies the location of the plugin source code
  For example
  https://github.com/...
  -->
  <!--
  <source url=""/>
  -->
  <!--
  **license type is NOT required**

  If your plugin uses any licensed software please acknowledge it by
  listing the license type below
  -->
  <!--
  <licenses>
    <license type=""/>
  </licenses>
  -->
  <!--
  **tool-description IS required**

  The tool-description section is used to summarize the software
  the plugin was created to integrate with.

  For example:
  Apache Ant is a software tool to automate software processes during the build or
  deployment of an application. Ant uses an propitiatory XML file to define build
  and/or deployment steps(referred to as targets by ant) . The Ant executable is
  called to execute the targets in the build.xml.
  -->

  <tool-description>uDeploy is Urbancode's application release automation tool. For more information, see http://www.urbancode.com/html/products/deploy</tool-description>

  <!--
  **related-info is NOT required**

  The releated-info section is used to define links which may be useful to users of the plugin
  but don't fall into the release-notes or tool-description section.

  For example: releated-info can be links to pdf documentation, help videos related to plugin setup or the product's
  website.

  excepted values for type include: PDF, WEBSITE, VIDEO
  -->
  <!--
  <related-info>
    <link title="" type="" description="" url =""/>
  </related-info>
  -->
  <!--
  **meta-html in NOT required**

  The meta-html section is used define the meta description and the meta keywords of the plugin page.The meta
  description tag allows you to influence the description of your page in the web crawlers that support the
  tag The meta keywords tag allows   you to provide additional text for crawler-based search engines to index
  along with your body copy.

  If multiple keywords are used they must be comma(,) delimited
  -->

  <meta-html>
    <meta content="" name="description"/>
    <meta content="" name="keywords"/>
  </meta-html>

  <!-- Do not change the release-version, the build process injects it. -->
  <release-version>81.1127193</release-version>

  <release-notes>
    <!--
      **release-note IS required**

      The plugin-version name must match the plugin version found in the plugin.xml file

      The release-note should document the changes, improvements, or bug fixes introduced
      with the new plugin version

      The release-note may contain text or reference a file in the plugin zip package

      For example your release note could be:
      Support for was added for version 10.0 for software X
      or
      releaseNotes/release1.html (where release1.html contains html formatted version information)
      -->

      <release-note plugin-version="7">
This upgrade adds the Create Application Process step. All other steps are backwards compatible.
      </release-note>

      <release-note plugin-version="10">
Added the Check If Application Exists, Add User To Role, and Add Group To Role steps. All other steps are backwards compatible.
      </release-note>

      <release-note plugin-version="61">
      Plugin steps use the new security model.
      </release-note>

      <release-note plugin-version="62">
      Added steps to create snapshots of applications
      </release-note>

      <release-note plugin-version="63">
      Added a step to get the list of components in an application
      </release-note>

      <release-note plugin-version="64">
      Added a step to get basic details about an application
      </release-note>

      <release-note plugin-version="65">
      Added a step to check if a process exists for an application
      Added a step to list all environments defined for an application
      </release-note>

      <release-note plugin-version="66">
      Added a step to delete an application
      Added a step to remove components from an application
      </release-note>

      <release-note plugin-version="67">
      Fixed an issue where the Run Application Process step would run forever if the application process failed to start.
      </release-note>

      <release-note plugin-version="68">
      Added a step to add a tag to an application.
      Added a step to remove a tag from an application.
      </release-note>

      <release-note plugin-version="69">
      Fixed PI46598- Create Application Property step may fail if multiple calls are made to update the same application simultaneously
      </release-note>

      <release-note plugin-version="70">
      Fixes APAR PI57417. Plug-in now checks the agent settings for acceptance of self signed certificates.
      </release-note>

      <release-note plugin-version="71">
      Fixes Defect 156775. Adds fault-tolerance to running application processes.
      </release-note>

      <release-note plugin-version="72">
      Support property file encryption.
      </release-note>

      <release-note plugin-version="73">
      Add a step to create an application from a template.
      </release-note>

      <release-note plugin-version="74">
      RFE 111221. Added hidden Process Timeout property for the Run Application Process step. Specify this value
      to modify how long the step will wait for a valid process status.
      RFE 100937 Added 'Create Multiple Applications' step to create multiple applications using json.
      RFE 100937 Altered 'Add Application to Team' step to allow for multiple applications.
      </release-note>

      <release-note plugin-version="75">
      RFE 57976 Added Request Properties property field to the Run Application Process step.
      </release-note>

      <release-note plugin-version="76">
      Retry the 'Remove Component From Application' step if a StaleObjectStateException occurs due
      to the application changing while the process is running.
      </release-note>

      <release-note plugin-version="77">
      Update for API changes in server.
      </release-note>

      <release-note plugin-version="78">
      Plugin name updated.
      </release-note>

      <release-note plugin-version="79">
      Add "Secure Value" field to "Create Application Property" step.
      </release-note>
    <release-note plugin-version="80">
        Fixing CVE:CVE-2019-4233
    </release-note>
    <release-note plugin-version="81">
      Add compatibility with Groovy 3.
    </release-note>

  </release-notes>
</pluginInfo>
