<?xml version="1.0" encoding="UTF-8"?>
<!-- 
====================================================================== 
Licensed Materials - Property of IBM Corp. 
IBM Rational Automation Framework 
(c) Copyright IBM Corporation 2003, 2012. All Rights Reserved.   

U.S. Government Users Restricted Rights - Use, duplication or disclosure restricted by 
GSA ADP Schedule Contract with IBM Corp. 


File name: configure_wp61.xml

This is the  WP_61 configuration build file.

These actions are available to WP61 at the node scope.
====================================================================== 
-->
<project basedir="." default="default">
	<description>
		Contains various configuration tasks for WP 61
	</description>

	<!-- Include WP Cluster properties -->
	<property name="WP_CLUSTER_PROPERTIES"
	          value="${RAFW_HOME}/user/environments/${ENV_NAME}/cells/${CELL_NAME}/clusters/${WP_CLUSTER_NAME}/cluster.properties" />
	<property file="${WP_CLUSTER_PROPERTIES}" />

	<!-- Include db properties -->
	<property name="DB_PROPERTIES"
	          value="${RAFW_HOME}/user/environments/${ENV_NAME}/cells/${CELL_NAME}/nodes/${NODE_NAME}/config_wp_db.properties" />
	<property file="${DB_PROPERTIES}" />

	<!-- Include WCM properties -->
	<property name="WCM_PROPERTIES"
	          value="${RAFW_HOME}/user/environments/${ENV_NAME}/cells/${CELL_NAME}/nodes/${NODE_NAME}/config_wp_wcm.properties" />
	<property file="${WCM_PROPERTIES}" />

	<!-- Include ldap properties -->
	<property name="LDAP_PROPERTIES"
	          value="${RAFW_HOME}/user/environments/${ENV_NAME}/cells/${CELL_NAME}/nodes/${NODE_NAME}/config_wp_ldap.properties" />
	<property file="${LDAP_PROPERTIES}" />

	<!-- import the wp custom configure targets -->
	<import file="${RAFW_HOME}/user/actions/configure/wp/61/custom_configure_wp61.xml" />

	<!-- import the wp incubator configure targets -->
	<import file="${RAFW_HOME}/incubator/actions/configure/wp/61/incubator_configure_wp61.xml" />

	<!-- import the wp common configure targets -->
	<import file="${RAFW_HOME}/product/actions/configure/wp/common/base/configure_wp_common_base.xml" />
	<import file="${RAFW_HOME}/product/actions/configure/wp/common/base/configure_wp_base_since_61.xml" />

	<!-- import the wp library utilities -->
	<import file="${RAFW_HOME}/product/lib/wp/wp_lib.xml" />

	<rafwaction name="wp_61_configure_setup_primary_cluster_member" unsupportedplatforms="zos" />
	<target depends="only_execute"
	        description="Steps to setting up primary cluster member"
	        name="wp_61_configure_setup_primary_cluster_member">
		<assertpropertyset property="PRIMARY_NODE" />
		<antcall target="wp_common_configure_database_transfer" />
		<antcall target="wp_61_configure_cluster_node_config_pre_federation" />
		<antcall target="wp_61_configure_cluster_node_config_post_federation" />
		<antcall target="wp_61_configure_cluster_node_config_cluster_setup" />

		<if>
			<and>
				<isset property="WP_CONFIGURE_WCM" />
				<equals arg1="${WP_CONFIGURE_WCM}" arg2="true" />
			</and>
			<then>
				<if>
					<or>
						<equals arg1="${WP_SETUP_TYPE}" arg2="admin" />
						<equals arg1="${WP_SETUP_TYPE}" arg2="base" />
					</or>
					<then>
						<!-- admin install WCM -->
						<antcall target="wp_61_configure_action_deploy_portlets_wcm" />
						<antcall target="wp_common_configure_wcm_authoring" />
						<antcall target="wp_common_configure_configure_wcm_migration" />
					</then>
					<else>
						<!-- full install WCM -->
						<antcall target="wp_common_configure_wcm_authoring" />
					</else>
				</if>
			</then>
			<else>

				<rafwlog id="CRWWP1106I" resourcebundle="wp"/>
				
			</else>
		</if>
	</target>

	<rafwaction name="wp_61_configure_setup_secondary_cluster_member" unsupportedplatforms="zos" />
	<target depends="only_execute"
	        description="Steps to setting up secondary cluster member"
	        name="wp_61_configure_setup_secondary_cluster_member">
		<assertpropertyset property="PRIMARY_NODE" />
		<antcall target="wp_common_configure_write_db_helper_properties" />
		<antcall target="wp_61_configure_cluster_node_config_pre_federation" />
		<antcall target="wp_61_configure_cluster_node_config_post_federation" />
		<antcall target="wp_61_configure_cluster_node_config_cluster_setup" />
	</target>

	<rafwaction name="wp_61_configure_cluster_node_config_pre_federation"
	            unsupportedplatforms="zos" />
	<target depends="only_execute,was_init"
	        description="Portal cluster pre-federation task"
	        name="wp_61_configure_cluster_node_config_pre_federation">
		<assertpropertyset property="PRIMARY_NODE" />
		<if>
			<equals arg1="${PRIMARY_NODE}" arg2="${NODE_NAME}" />
			<then>
				<!-- primary -->
				<property name="PRIMARY_NODE_TRUE_OR_FALSE" value="true" />
			</then>
			<else>
				<!-- secondary -->
				<property name="PRIMARY_NODE_TRUE_OR_FALSE" value="false" />
			</else>
		</if>
		<rafwlog id="CRWWP1011I" resourcebundle="wp">
			<logarg value=" ${ND_HOST_NAME}" />
		</rafwlog>
		<rafwlog id="CRWWP1012I" resourcebundle="wp">
			<logarg value=" ${ND_SOAP_PORT}" />
		</rafwlog>
		<rafwlog id="CRWWP1013I" resourcebundle="wp">
			<logarg value=" ${PRIMARY_NODE_TRUE_OR_FALSE}" />
		</rafwlog>
		<rafwlog id="CRWWP1014I" resourcebundle="wp">
			<logarg value=" ${WP_CLUSTER_NAME}" />
		</rafwlog>
		<!--- update properties -->
		<if>
			<not>
				<isset property="PREVIEW_MODE" />
			</not>
			<then>
				<antcall target="wp_61_install_update_wkplc_properties">
					<param name="KEY" value="WasRemoteHostName" />
					<param name="VALUE" value="${ND_HOST_NAME}" />
				</antcall>
				<antcall target="wp_61_install_update_wkplc_properties">
					<param name="KEY" value="WasSoapPort" />
					<param name="VALUE" value="${ND_SOAP_PORT}" />
				</antcall>
				<antcall target="wp_61_install_update_wkplc_properties">
					<param name="KEY" value="PrimaryNode" />
					<param name="VALUE" value="${PRIMARY_NODE_TRUE_OR_FALSE}" />
				</antcall>
				<antcall target="wp_61_install_update_wkplc_properties">
					<param name="KEY" value="ClusterName" />
					<param name="VALUE" value="${WP_CLUSTER_NAME}" />
				</antcall>
			</then>
		</if>
		<if>
			<equals arg1="${PRIMARY_NODE_TRUE_OR_FALSE}" arg2="true" />
			<then>
				<antcall target="was_common_configure_add_node_include_apps" />
			</then>
			<else>
				<antcall target="was_common_configure_add_node" />
			</else>
		</if>
	</target>

	<rafwaction name="wp_61_configure_cluster_node_config_post_federation"
	            unsupportedplatforms="zos" />
	<target depends="only_execute"
	        description="Portal cluster post-federation task"
	        name="wp_61_configure_cluster_node_config_post_federation">

		
		<rafwlog id="CRWWP1015I" resourcebundle="wp">
			<logarg value=" ${ND_CELL_NAME}" />
		</rafwlog>
		<!-- update property -->
		<if>
			<not>
				<isset property="PREVIEW_MODE" />
			</not>
			<then>
				<antcall target="wp_61_install_update_wkplc_properties">
					<param name="KEY" value="CellName" />
					<param name="VALUE" value="${ND_CELL_NAME}" />
				</antcall>
			</then>
		</if>

		<antcall target="wp_common_configure_call_portal_config">
			<param name="TASK" value="cluster-node-config-post-federation" />
			<param name="SAVE_PARENT" value="true" />
		</antcall>
	</target>

	<rafwaction name="wp_61_configure_cluster_node_config_cluster_setup"
	            unsupportedplatforms="zos" />
	<target depends="only_execute"
	        description="Portal cluster setup task"
	        name="wp_61_configure_cluster_node_config_cluster_setup">
		<!-- requires that PrimaryNode be set correctly in wkplc.properties -->
		<antcall target="wp_common_configure_call_portal_config">
			<param name="TASK" value="cluster-node-config-cluster-setup" />
			<param name="SAVE_PARENT" value="true" />
		</antcall>

		<if>
			<not>
				<equals arg1="${PRIMARY_NODE}" arg2="${NODE_NAME}" />
			</not>
			<then>
				<var name="propStateOK" unset="true" />
				<!--  check  property  state  -->
				<condition property="propStateOK">
					<isset property="POST_FED_SLEEP_TIME" />
				</condition>

				<!-- if not set, set a default -->
				<if>
					<not>
						<equals arg1="${propStateOK}" arg2="true" />
					</not>
					<then>
						<property name="POST_FED_SLEEP_TIME" value="120" />
					</then>
				</if>

				
				<rafwlog id="CRWWP1016I" resourcebundle="wp">
					<logarg value=" ${POST_FED_SLEEP_TIME}" />
				</rafwlog>
				<sleep seconds="${POST_FED_SLEEP_TIME}" />
			</then>
		</if>
	</target>

	<!-- StandAlone LDAP Configuration Tasks-->
	<rafwaction name="wp_61_configure_change_portal_admin_user" unsupportedplatforms="zos" />
	<target depends="only_execute"
	        description="Changes the portal admin user"
	        name="wp_61_configure_change_portal_admin_user">
		<antcall target="wp_common_configure_call_portal_config">
			<param name="TASK" value="wp-change-portal-admin-user" />
			<param name="ARGS"
			       value="-DparentProperties=${LDAP_PROPERTIES} -DnewAdminId=${standalone.ldap.primaryAdminId} -DnewAdminGroupId=${standalone.ldap.primaryPortalAdminGroup}" />
			<param name="SAVE_PARENT" value="true" />
		</antcall>
	</target>

	<!-- deprecated actions have been renamed common since they are supported by 6.1 7.0 and 8.0 -->
	<!-- left here as private actions so that existing automation plans will run correctly -->
	<rafwaction name="wp_61_configure_modify_ldap_security" unsupportedplatforms="zos" />
	<target depends="wp_common_configure_modify_ldap_security"
	        name="wp_61_configure_modify_ldap_security">
	</target>

	<rafwaction name="wp_61_configure_update_standalone_ldap" unsupportedplatforms="zos" />
	<target depends="wp_common_configure_update_standalone_ldap"
	        name="wp_61_configure_update_standalone_ldap">
	</target>

	<rafwaction name="wp_61_configure_validate_standalone_ldap" unsupportedplatforms="zos" />
	<target depends="wp_common_configure_validate_standalone_ldap"
	        name="wp_61_configure_validate_standalone_ldap">
	</target>

	<rafwaction name="wp_61_configure_validate_standalone_ldap_attribute_config"
	            unsupportedplatforms="zos" />
	<target depends="wp_common_configure_validate_standalone_ldap_attribute_config"
	        name="wp_61_configure_validate_standalone_ldap_attribute_config">
	</target>

	<!-- Federated LDAP Configuration Tasks-->

	<rafwaction name="wp_61_configure_validate_federated_ldap" unsupportedplatforms="zos" />
	<target depends="wp_common_configure_validate_federated_ldap"
	        name="wp_61_configure_validate_federated_ldap">
	</target>

	<rafwaction name="wp_61_configure_create_federated_primary_ldap" unsupportedplatforms="zos" />
	<target depends="wp_common_configure_create_federated_primary_ldap"
	        name="wp_61_configure_create_federated_primary_ldap">
	</target>

	<rafwaction name="wp_61_configure_create_federated_multiple_ldap" unsupportedplatforms="zos" />
	<target depends="wp_common_configure_create_federated_multiple_ldap"
	        name="wp_61_configure_create_federated_multiple_ldap">
	</target>

	<rafwaction name="wp_61_configure_update_federated_primary_ldap" unsupportedplatforms="zos" />
	<target depends="wp_common_configure_update_federated_primary_ldap"
	        name="wp_61_configure_update_federated_primary_ldap">
	</target>

	<rafwaction name="wp_61_configure_update_federated_multiple_ldap" unsupportedplatforms="zos" />
	<target depends="wp_common_configure_update_federated_multiple_ldap"
	        name="wp_61_configure_update_federated_multiple_ldap">
	</target>

	<rafwaction name="wp_61_configure_create_federated_primary_realm" unsupportedplatforms="zos" />
	<target depends="wp_common_configure_create_federated_primary_realm"
	        name="wp_61_configure_create_federated_primary_realm">
	</target>

	<rafwaction name="wp_61_configure_create_federated_multiple_realms"
	            unsupportedplatforms="zos" />
	<target depends="wp_common_configure_create_federated_multiple_realms"
	        name="wp_61_configure_create_federated_multiple_realms">
	</target>

	<rafwaction name="wp_61_configure_validate_federated_ldap_attribute_config"
	            unsupportedplatforms="zos" />
	<target depends="wp_common_configure_validate_federated_ldap_attribute_config"
	        name="wp_61_configure_validate_federated_ldap_attribute_config">
	</target>

	<rafwaction name="wp_61_configure_query_attribute_config" unsupportedplatforms="zos" />
	<target depends="wp_common_configure_query_attribute_config"
	        name="wp_61_configure_query_attribute_config">
	</target>

	<!-- General LDAP Configuration Tasks-->
	<rafwaction name="wp_61_configure_create_ldap" unsupportedplatforms="zos" />
	<target depends="wp_common_configure_create_federated_primary_ldap"
	        name="wp_61_configure_create_ldap">
	</target>

	<rafwaction name="wp_61_configure_create_realm" unsupportedplatforms="zos" />
	<target depends="wp_common_configure_create_federated_primary_realm"
	        name="wp_61_configure_create_realm">
	</target>

	<rafwaction name="wp_61_configure_update_entitytype" unsupportedplatforms="zos" />
	<target depends="wp_common_configure_update_entitytype"
	        name="wp_61_configure_update_entitytype">
	</target>

	<rafwaction name="wp_61_configure_update_entitytypes" unsupportedplatforms="zos" />
	<target depends="wp_common_configure_update_entitytypes"
	        name="wp_61_configure_update_entitytypes">
	</target>

	<rafwaction name="wp_61_configure_create_base_entry" unsupportedplatforms="zos" />
	<target depends="wp_common_configure_create_base_entry"
	        name="wp_61_configure_create_base_entry">
	</target>

	<rafwaction name="wp_61_configure_query_repository" unsupportedplatforms="zos" />
	<target depends="wp_common_configure_query_repository" name="wp_61_configure_query_repository">
	</target>

	<rafwaction name="wp_61_configure_post_cluster_config" unsupportedplatforms="zos" />
	<target depends="was_init"
	        description="Post clustering portal talk for node"
	        name="wp_61_configure_post_cluster_config">

		<antcall target="update_property_file">
			<param name="PROPERTY_FILE"
			       value="${WAS_PROF_HOME}/ConfigEngine/properties/wkplc.properties" />
			<param name="KEY" value="ServerName" />
			<param name="VALUE" value="${PRIMARY_SERVER}" />
		</antcall>

		<for list="${WP_SERVERS_ON_NODE}" param="SERVER">
			<sequential>
				<antcall target="wp_common_configure_call_portal_config">
					<param name="TASK" value="cluster-node-config-vertical-cluster-setup" />
					<param name="ARGS" value="-DServerName=@{SERVER}" />
					<param name="SAVE_PARENT" value="false" />
				</antcall>
			</sequential>
		</for>
		<antcall target="wp_common_configure_update_wpconfig_ports" />
	</target>

	<!--Configuring WCM portlets, libraries etc.-->
	<rafwaction name="wp_61_configure_express" unsupportedplatforms="zos" />
	<target depends="wp_common_configure_express" name="wp_61_configure_express">
	</target>

	<rafwaction name="wp_61_configure_action_express_memberfixer" unsupportedplatforms="zos" />
	<target description="Updates member names used by WCM with corrosponding members in LDAP. Change MemberfixerModule.properties file before executing this task."
	        name="wp_61_configure_action_express_memberfixer">
		<antcall target="wp_common_configure_call_portal_config">
			<param name="TASK" value="action-express-memberfixer" />
			<param name="SAVE_PARENT" value="true" />
		</antcall>
	</target>

	<target depends="only_execute" name="wp_61_configure_action_deploy_portlets_wcm">
		<!--	description="Deploy WCM portlets">   -->
		<antcall target="wp_common_configure_call_portal_config">
			<param name="ARGS" value="-DparentProperties=${WCM_PROPERTIES}" />
			<param name="TASK" value="action-deploy-portlets-wcm" />
			<param name="SAVE_PARENT" value="true" />
		</antcall>
	</target>

	<rafwaction name="wp_61_configure_remove_wcm_authoring" unsupportedplatforms="zos" />
	<target depends="wp_common_configure_remove_wcm_authoring"
	        name="wp_61_configure_remove_wcm_authoring">
	</target>

	<!-- General Configuration Tasks-->
	<rafwaction name="wp_61_configure_enable_develop_mode_startup_performance"
	            unsupportedplatforms="zos" />
	<target depends="wp_common_configure_enable_develop_mode_startup_performance"
	        name="wp_61_configure_enable_develop_mode_startup_performance">
	</target>

	<rafwaction name="wp_61_configure_disable_develop_mode_startup_performance"
	            unsupportedplatforms="zos" />
	<target depends="wp_common_configure_disable_develop_mode_startup_performance"
	        name="wp_61_configure_disable_develop_mode_startup_performance">
	</target>

</project>
