<?xml version="1.0" encoding="UTF-8"?>
<!--
- Licensed Materials - Property of IBM Corp.
- IBM UrbanCode Deploy
- (c) Copyright IBM Corporation 2014, 2016. All Rights Reserved.
-
- U.S. Government Users Restricted Rights - Use, duplication or disclosure restricted by
- GSA ADP Schedule Contract with IBM Corp.
-->
<plugin-upgrade
        xmlns="http://www.urbancode.com/UpgradeXMLSchema_v1"
        xmlns:xsi="http://www.w3.org/2001/XMLSchema-instance">
    <migrate to-version="4">
        <migrate-command name="Import Version">
            <migrate-properties>
                <migrate-property name="separator" default="."/>
            </migrate-properties>
        </migrate-command>
    </migrate>

    <migrate to-version="5">
        <migrate-command name="Import Version" />
    </migrate>
    <migrate to-version="6">
        <migrate-command name="Import Version" />
    </migrate>
    <migrate to-version="7">
        <migrate-command name="Import Version" >
            <migrate-properties>
                <migrate-property name="statuses" />
                <migrate-property name="links" />
            </migrate-properties>
        </migrate-command>
    </migrate>
    <migrate to-version="8">
        <migrate-command name="Import Version" >
            <migrate-properties>
                <migrate-property name="unzipArchive" default="false"/>
            </migrate-properties>
        </migrate-command>
    </migrate>
</plugin-upgrade>
