<?xml version="1.0" encoding="UTF-8" standalone="no"?>
<!--
- Licensed Materials - Property of IBM* and/or HCL**
- UrbanCode Deploy
- UrbanCode Build
- UrbanCode Release
- AnthillPro
- (c) Copyright IBM Corporation 2011, 2017. All Rights Reserved.
- (c) Copyright HCL Technologies Ltd. 2018. All Rights Reserved.
-
- U.S. Government Users Restricted Rights - Use, duplication or disclosure restricted by
- GSA ADP Schedule Contract with IBM Corp.
-
- * Trademark of International Business Machines
- ** Trademark of HCL Technologies Limited
--><pluginInfo>
  <!--

  **author name IS required**

  The Author Section is used to give credit to the author of the plugin.
  Name is the only required element/attribute, but feel free to also include your email,
  website  or bio to allow users of your plugin to praise your work, ask questions
  or share their use case to help grow your plugin's functionality.
  -->

  <author name="UrbanCode">
    <organization>UrbanCode</organization>
    <email>info@urbancode.com</email>
    <website>http://urbancode.com</website>
    <bio/>
  </author>

  <!--

  **intergration type IS Required**

  The integration type section identifies where the plugin fits into the process
  excepted types are SCM, Build, Artifact, Automation, Deploy

  For example:

  The plugin pulls Artifacts from an artifact repository during deployment
  the Type would be "Artifact"
  or
  The plugin deploys to a middleware server
  the Type would be "Deploy"
  -->

  <integration type="Source"/>


  <!--
  **source is NOT required**

  The source section identifies the location of the plugin source code
  For example
  https://github.com/...
  -->
  <!--
  <source url=""/>
  -->
  <!--
  **license type is NOT required**

  If your plugin uses any licensed software please acknowledge it by
  listing the license type below
  -->
  <!--
  <licenses>
    <license type=""/>
  </licenses>
  -->
  <!--
  **tool-description IS required**

  The tool-description section is used to summarize the software
  the plugin was created to integrate with.

  For example:
  Apache Ant is a software tool to automate software processes during the build or
  deployment of an application. Ant uses an propitiatory XML file to define build
  and/or deployment steps(referred to as targets by ant) . The Ant executable is
  called to execute the targets in the build.xml.
  -->

  <tool-description>
    TeamCity is a  build management and continuous integration server from JetBrains.
  </tool-description>

  <!--
  **related-info is NOT required**

  The releated-info section is used to define links which may be useful to users of the plugin
  but don't fall into the release-notes or tool-description section.

  For example: releated-info can be links to pdf documentation, help videos related to plugin setup or the product's
  website.

  excepted values for type include: PDF, WEBSITE, VIDEO
  -->
  <!--
  <related-info>
    <link title="" type="" description="" url =""/>
  </related-info>
  -->
  <!--
  **meta-html in NOT required**

  The meta-html section is used define the meta description and the meta keywords of the plugin page.The meta
  description tag allows you to influence the description of your page in the web crawlers that support the
  tag The meta keywords tag allows   you to provide additional text for crawler-based search engines to index
  along with your body copy.

  If multiple keywords are used they must be comma(,) delimited
  -->

  <meta-html>
    <meta content="" name="description"/>
    <meta content="" name="keywords"/>
  </meta-html>

  <!-- Do not change the release-version, the build process injects it. -->
  <release-version>16.1056697</release-version>

  <release-notes>
    <!--
      **release-note IS required**

      The plugin-version name must match the plugin version found in the plugin.xml file

      The release-note should document the changes, improvements, or bug fixes introduced
      with the new plugin version

      The release-note may contain text or reference a file in the plugin zip package

      For example your release note could be:
      Support for was added for version 10.0 for software X
      or
      releaseNotes/release1.html (where release1.html contains html formatted version information)
      -->

    <release-note plugin-version="1">
      Initial release of TeamCity source configuration plugin.
    </release-note>
    <release-note plugin-version="2">
      Fixes running a process after creating a version
    </release-note>
    <release-note plugin-version="3">
      Fixed download URL pattern to work with earlier versions of TeamCity 8.0.x
      Fixes APAR PI32240. Fixed issue causing version imports from builds with special characters to fail.
    </release-note>
    <release-note plugin-version="4">
      Fixes APAR PI37770. Issues With Teamcity Plugin Recognizing Artifact.zip Files Due To Special Characters
    </release-note>
    <release-note plugin-version="5">
      Fixes APAR PI47865. Clean up temp files after import.
    </release-note>
    <release-note plugin-version="6">
      Fixes APAR PI57417. Plug-in now checks the agent settings for acceptance of self signed certificates.
    </release-note>
    <release-note plugin-version="7">
Support property file encryption.
    </release-note>
    <release-note plugin-version="8">
      Fixes APAR PI40551. Now uses working directory for temporary artifact storage.
    </release-note>
    <release-note plugin-version="9">
      Fixes APAR PI79380. Repository URLs will no longer have their extra paths removed.
      Fixes APAR PI79441. The NullPointerException error has been resolved on version-already-found imports.
    </release-note>
    <release-note plugin-version="10">
      Removed the unused Project and Build Configuration properties.
      Build Type property has been renamed to Build Configuration ID.
      Update the Extensions of files to Convert and Preserve Execution Permissions descriptions.
    </release-note>
    <release-note plugin-version="11">
      Fixes APAR PI89928 - Now compatible with TeamCity version 10.
      RFE 104572 - Implemented support for the import of specific and all branches.
      New component version properties: id, buildTypeId, number, status, branchName, defaultBranch, href, and webUrl.
    </release-note>
    <release-note plugin-version="12">
      Fixes APAR PI87707, a regression where the user who requested a manual version import was not being tracked.
    </release-note>
    <release-note plugin-version="13">
       APAR PI89045: add support for setting isFinished flag flag when importing versions.
    </release-note>
    <release-note plugin-version="14">
       APAR 33793982: Update Jackson dependency.
    </release-note>
	<release-note plugin-version="15">
       Update property descriptions.
    </release-note>
    <release-note plugin-version="16">
        Fixing CVE:CVE-2019-4233
    </release-note>

  </release-notes>
</pluginInfo>
