{
    "name": "PlantsByWebSphere",
    "description": "",
    "enforceCompleteSnapshots": false,
    "propSheet": {"properties": []},
    "templatePropSheet": {
        "name": "template",
        "properties": []
    },
    "components": [
        {
            "name": "PlantsByWebSphere",
            "description": "Deploy, install, and configure PlantsByWebSphere",
            "created": 1468947359799,
            "componentType": "STANDARD",
            "ignoreQualifiers": 0,
            "importAutomatically": false,
            "useVfs": true,
            "active": true,
            "deleted": false,
            "defaultVersionType": "FULL",
            "cleanupDaysToKeep": 0,
            "cleanupCountToKeep": 0,
            "sourceConfigPluginName": "File System (Versioned)",
            "envPropDefs": [],
            "resPropDefs": [],
            "versionPropDefs": [],
            "propSheetGroup": {"propSheets": [
                {
                    "name": "custom",
                    "properties": []
                },
                {
                    "name": "FileSystemVersionedComponentProperties",
                    "properties": [
                        {
                            "name": "basePath",
                            "value": "\/home\/tneal\/tmp\/PlantsByWebSphere",
                            "description": "",
                            "secure": false
                        },
                        {
                            "name": "excludes",
                            "description": "",
                            "secure": false
                        },
                        {
                            "name": "extensions",
                            "description": "",
                            "secure": false
                        },
                        {
                            "name": "includes",
                            "description": "",
                            "secure": false
                        },
                        {
                            "name": "saveFileExecuteBits",
                            "value": "false",
                            "description": "",
                            "secure": false
                        }
                    ]
                },
                {
                    "name": "template",
                    "properties": []
                }
            ]},
            "processes": [{
                "name": "Install",
                "description": "Deploy .ear and install application",
                "defaultWorkingDir": "${p:resource\/work.dir}\/${p:component.name}",
                "takesVersion": true,
                "inventoryActionType": "ADD",
                "status": "Active",
                "configActionType": "ADD",
                "active": true,
                "path": "components\/32df2df4-88c8-43ec-aa8c-cd26c98470cc\/processes\/306007d5-5787-4508-994d-c4998c87f1ee",
                "propDefs": [],
                "rootActivity": {
                    "edges": [
                        {
                            "to": "Wait for Application",
                            "from": "Full Synchronize of all nodes",
                            "type": "SUCCESS",
                            "value": ""
                        },
                        {
                            "to": "Download Artifacts",
                            "type": "ALWAYS",
                            "value": ""
                        },
                        {
                            "to": "Start Application",
                            "from": "Check Application is running on server or cluster",
                            "type": "FAILURE",
                            "value": ""
                        },
                        {
                            "to": "68c142c5b82eef331b31886cc031c9",
                            "from": "Start Application",
                            "type": "SUCCESS",
                            "value": ""
                        },
                        {
                            "to": "Check Application is running on server or cluster",
                            "from": "Wait for server or cluster",
                            "type": "SUCCESS",
                            "value": ""
                        },
                        {
                            "to": "Wait for server or cluster",
                            "from": "Start Cluster",
                            "type": "SUCCESS",
                            "value": ""
                        },
                        {
                            "to": "Full Synchronize of all nodes",
                            "from": "Install Or Update Application",
                            "type": "SUCCESS",
                            "value": ""
                        },
                        {
                            "to": "Start Cluster",
                            "from": "Wait for Application",
                            "type": "SUCCESS",
                            "value": ""
                        },
                        {
                            "to": "68c142c5b82eef331b31886cc031c9",
                            "from": "Check Application is running on server or cluster",
                            "type": "SUCCESS",
                            "value": ""
                        },
                        {
                            "to": "Install Or Update Application",
                            "from": "Download Artifacts",
                            "type": "SUCCESS",
                            "value": ""
                        }
                    ],
                    "offsets": [
                        {
                            "name": "Download Artifacts",
                            "x": -120,
                            "y": 110,
                            "h": 50,
                            "w": 320
                        },
                        {
                            "name": "Start Application",
                            "x": 387.5,
                            "y": 680,
                            "h": 50,
                            "w": 300
                        },
                        {
                            "name": "Start Cluster",
                            "x": -82.5,
                            "y": 440,
                            "h": 50,
                            "w": 250
                        },
                        {
                            "name": "Install Or Update Application",
                            "x": -175,
                            "y": 190,
                            "h": 50,
                            "w": 430
                        },
                        {
                            "name": "Check Application is running on server or cluster",
                            "x": -280,
                            "y": 620,
                            "h": 50,
                            "w": 640
                        },
                        {
                            "name": "Wait for Application",
                            "x": -125,
                            "y": 360,
                            "h": 50,
                            "w": 330
                        },
                        {
                            "name": "Full Synchronize of all nodes",
                            "x": -150,
                            "y": 270,
                            "h": 50,
                            "w": 380
                        },
                        {
                            "name": "68c142c5b82eef331b31886cc031c9",
                            "x": -5,
                            "y": 760,
                            "h": 50,
                            "w": 90
                        },
                        {
                            "name": "Wait for server or cluster",
                            "x": -150,
                            "y": 530,
                            "h": 50,
                            "w": 380
                        }
                    ],
                    "type": "graph",
                    "name": "73c7adc5-725c-4f71-a511-06689b3e8e3a",
                    "children": [
                        {
                            "type": "finish",
                            "name": "68c142c5b82eef331b31886cc031c9",
                            "children": []
                        },
                        {
                            "allowFailure": false,
                            "useImpersonation": false,
                            "showHidden": false,
                            "impersonationUseSudo": false,
                            "commandName": "Download Artifacts",
                            "pluginName": "IBM UrbanCode Deploy Versioned File Storage",
                            "pluginVersion": 26,
                            "properties": {
                                "directoryOffset": ".",
                                "artifactSetBaseDir": "",
                                "fileIncludePatterns": "**\/*",
                                "fileExcludePatterns": "",
                                "syncMode": "true",
                                "fullVerification": "true",
                                "setFileExecuteBits": "false",
                                "verifyFileIntegrity": "false",
                                "versionId": "${p:version.id}",
                                "serverUrl": "${p:server.url}",
                                "compId": "${p:component.id}",
                                "resId": "${p:resource.id}",
                                "charset": "",
                                "label": ""
                            },
                            "type": "plugin",
                            "name": "Download Artifacts",
                            "children": []
                        },
                        {
                            "allowFailure": false,
                            "useImpersonation": false,
                            "showHidden": false,
                            "impersonationUseSudo": false,
                            "commandName": "Install Or Update Application",
                            "pluginName": "WAS - Deploy",
                            "pluginVersion": 96,
                            "properties": {
                                "context": "\/",
                                "location": "PlantsByWebSphere.ear",
                                "appName": "PlantsByWebSphere",
                                "appEdition": "",
                                "editDesc": "",
                                "path": "",
                                "argString": "-MapModulesToServers [[ PlantsByWebSphereEJB.jar PlantsByWebSphereEJB.jar,META-INF\/ejb-jar.xml WebSphere:cell=${p:resource\/websphere.cell},cluster=${p?:resource\/websphere.cluster} ][ \"PlantsByWebSphere Web Application\" PlantsByWebSphere.war,WEB-INF\/web.xml WebSphere:cell=${p:resource\/websphere.cell},cluster=${p:resource\/websphere.cluster} ][ \"PlantsByWebSphere Sample Gallery Web Application\" PlantsGallery.war,WEB-INF\/web.xml WebSphere:cell=${p:resource\/websphere.cell},cluster=${p:resource\/websphere.cluster} ]] -MapWebModToVH [[ \"PlantsByWebSphere Sample Gallery Web Application\" PlantsGallery.war,WEB-INF\/web.xml default_host ]]",
                                "batch": "false",
                                "scriptFile": "${p:request.id}.py",
                                "partialUpdate": "false",
                                "cell": "${p?:resource\/websphere.cell}",
                                "node": "${p?:resource\/websphere.node}",
                                "server": "${p?:resource\/websphere.server}",
                                "cluster": "${p?:resource\/websphere.cluster}",
                                "commandPath": "${p?:resource\/websphere.commandPath}",
                                "user": "${p?:resource\/websphere.user}",
                                "password": "${p?:resource\/websphere.password}",
                                "host": "${p?:resource\/websphere.host}",
                                "port": "${p?:resource\/websphere.port}",
                                "connType": "${p?:resource\/websphere.connType}",
                                "additionalArgs": ""
                            },
                            "type": "plugin",
                            "name": "Install Or Update Application",
                            "children": []
                        },
                        {
                            "allowFailure": false,
                            "useImpersonation": false,
                            "showHidden": false,
                            "impersonationUseSudo": false,
                            "commandName": "Start Server",
                            "pluginName": "WAS - Deploy",
                            "pluginVersion": 96,
                            "properties": {
                                "deleteTempFileOnFailure": "true",
                                "cell": "${p?:resource\/websphere.cell}",
                                "node": "${p?:resource\/websphere.node}",
                                "server": "${p?:resource\/websphere.server}",
                                "cluster": "${p?:resource\/websphere.cluster}",
                                "commandPath": "${p?:resource\/websphere.commandPath}",
                                "user": "${p?:resource\/websphere.user}",
                                "password": "${p?:resource\/websphere.password}",
                                "host": "${p?:resource\/websphere.host}",
                                "port": "${p?:resource\/websphere.port}",
                                "connType": "SOAP",
                                "soapTimeout": "",
                                "additionalArgs": ""
                            },
                            "type": "plugin",
                            "name": "Start Cluster",
                            "children": []
                        },
                        {
                            "allowFailure": false,
                            "useImpersonation": false,
                            "showHidden": false,
                            "impersonationUseSudo": false,
                            "commandName": "Check Application is running on server or cluster",
                            "pluginName": "WAS - Deploy",
                            "pluginVersion": 96,
                            "properties": {
                                "appName": "PlantsByWebSphere",
                                "appEdition": "",
                                "appType": "Application",
                                "deleteTempFileOnFailure": "true",
                                "cell": "${p?:resource\/websphere.cell}",
                                "node": "${p?:resource\/websphere.node}",
                                "server": "${p?:resource\/websphere.server}",
                                "cluster": "${p?:resource\/websphere.cluster}",
                                "commandPath": "${p?:resource\/websphere.commandPath}",
                                "user": "${p?:resource\/websphere.user}",
                                "password": "${p?:resource\/websphere.password}",
                                "host": "${p?:resource\/websphere.host}",
                                "port": "${p?:resource\/websphere.port}",
                                "connType": "SOAP",
                                "additionalArgs": ""
                            },
                            "type": "plugin",
                            "name": "Check Application is running on server or cluster",
                            "children": []
                        },
                        {
                            "allowFailure": false,
                            "useImpersonation": false,
                            "showHidden": false,
                            "impersonationUseSudo": false,
                            "commandName": "Start Application",
                            "pluginName": "WAS - Deploy",
                            "pluginVersion": 96,
                            "properties": {
                                "appName": "PlantsByWebSphere",
                                "appEdition": "",
                                "batch": "false",
                                "scriptFile": "${p:request.id}.py",
                                "cell": "${p?:resource\/websphere.cell}",
                                "node": "${p?:resource\/websphere.node}",
                                "server": "${p?:resource\/websphere.server}",
                                "cluster": "${p?:resource\/websphere.cluster}",
                                "commandPath": "${p?:resource\/websphere.commandPath}",
                                "user": "${p?:resource\/websphere.user}",
                                "password": "${p?:resource\/websphere.password}",
                                "host": "${p?:resource\/websphere.host}",
                                "port": "${p?:resource\/websphere.port}",
                                "connType": "SOAP",
                                "additionalArgs": ""
                            },
                            "type": "plugin",
                            "name": "Start Application",
                            "children": []
                        },
                        {
                            "allowFailure": false,
                            "useImpersonation": false,
                            "showHidden": false,
                            "impersonationUseSudo": false,
                            "commandName": "Wait for Application",
                            "pluginName": "WAS - Deploy",
                            "pluginVersion": 96,
                            "properties": {
                                "appName": "PlantsByWebSphere",
                                "appEdition": "",
                                "timeout": "300",
                                "interval": "10",
                                "deleteTempFileOnFailure": "true",
                                "cell": "${p?:resource\/websphere.cell}",
                                "node": "${p?:resource\/websphere.node}",
                                "server": "${p?:resource\/websphere.server}",
                                "cluster": "${p?:resource\/websphere.cluster}",
                                "commandPath": "${p?:resource\/websphere.commandPath}",
                                "user": "${p?:resource\/websphere.user}",
                                "password": "${p?:resource\/websphere.password}",
                                "host": "${p?:resource\/websphere.host}",
                                "port": "${p?:resource\/websphere.port}",
                                "connType": "${p?:resource\/websphere.connType}",
                                "additionalArgs": ""
                            },
                            "type": "plugin",
                            "name": "Wait for Application",
                            "children": []
                        },
                        {
                            "allowFailure": false,
                            "useImpersonation": false,
                            "showHidden": false,
                            "impersonationUseSudo": false,
                            "commandName": "Wait for server or cluster",
                            "pluginName": "WAS - Deploy",
                            "pluginVersion": 96,
                            "properties": {
                                "timeout": "300",
                                "interval": "10",
                                "deleteTempFileOnFailure": "true",
                                "cell": "${p?:resource\/websphere.cell}",
                                "node": "${p?:resource\/websphere.node}",
                                "server": "${p?:resource\/websphere.server}",
                                "cluster": "${p?:resource\/websphere.cluster}",
                                "commandPath": "${p?:resource\/websphere.commandPath}",
                                "user": "${p?:resource\/websphere.user}",
                                "password": "${p?:resource\/websphere.password}",
                                "host": "${p?:resource\/websphere.host}",
                                "port": "${p?:resource\/websphere.port}",
                                "connType": "SOAP",
                                "additionalArgs": ""
                            },
                            "type": "plugin",
                            "name": "Wait for server or cluster",
                            "children": []
                        },
                        {
                            "allowFailure": false,
                            "useImpersonation": false,
                            "showHidden": false,
                            "impersonationUseSudo": false,
                            "commandName": "Synchronize nodes",
                            "pluginName": "WAS - Deploy",
                            "pluginVersion": 96,
                            "properties": {
                                "deleteTempFileOnFailure": "true",
                                "isSyncAllNodes": "true",
                                "isFullSync": "true",
                                "scriptFile": "${p:request.id}.py",
                                "cell": "${p?:resource\/websphere.cell}",
                                "node": "${p?:resource\/websphere.node}",
                                "server": "${p?:resource\/websphere.server}",
                                "cluster": "${p?:resource\/websphere.cluster}",
                                "commandPath": "${p?:resource\/websphere.commandPath}",
                                "user": "${p?:resource\/websphere.user}",
                                "password": "${p?:resource\/websphere.password}",
                                "host": "${p?:resource\/websphere.host}",
                                "port": "${p?:resource\/websphere.port}",
                                "connType": "${p?:resource\/websphere.connType}",
                                "additionalArgs": ""
                            },
                            "type": "plugin",
                            "name": "Full Synchronize of all nodes",
                            "children": []
                        }
                    ]
                }
            }],
            "configTemplates": [],
            "genericProcesses": [],
            "teamMappings": [],
            "tags": []
        },
        {
            "name": "PlantsClusterConfig",
            "description": "",
            "created": 1468947360278,
            "componentType": "STANDARD",
            "ignoreQualifiers": 0,
            "importAutomatically": false,
            "useVfs": true,
            "active": true,
            "deleted": false,
            "defaultVersionType": "FULL",
            "cleanupDaysToKeep": 0,
            "cleanupCountToKeep": 0,
            "componentTemplate": {
                "securityResourceId": "e819bf80-4aef-47c5-b5d3-8a3069251c3c",
                "path": "componentTemplates\/7e3c2204-8b7a-4d6e-86ff-0d67b3535694",
                "name": "WebSphere - Cluster Config",
                "description": "",
                "ignoreQualifiers": 0,
                "componentType": "STANDARD",
                "tags": [],
                "active": true,
                "envPropDefs": [],
                "resPropDefs": [
                    {
                        "name": "SERVER_COUNT",
                        "label": "SERVER_COUNT",
                        "pattern": "",
                        "type": "TEXT",
                        "required": false,
                        "description": "The number of servers to be created for EACH Node. For example, if SERVER_COUNT is 2 and there are two Nodes listed in NODELIST, then you will generate two servers for each node resulting in four total servers (two for each node specified).",
                        "placeholder": ""
                    },
                    {
                        "name": "NODELIST",
                        "label": "NODELIST",
                        "pattern": "",
                        "type": "TEXT",
                        "required": false,
                        "description": "Comma separated list of Nodes that will be used to create servers under.",
                        "placeholder": ""
                    },
                    {
                        "name": "ENDPOINTPORTMAPPINGS",
                        "label": "ENDPOINTPORTMAPPINGS",
                        "pattern": "",
                        "type": "TEXT",
                        "value": "BOOTSTRAP_ADDRESS->.->50000\\nSOAP_CONNECTOR_ADDRESS->.->50100\\nORB_LISTENER_ADDRESS->.->50200\\nSAS_SSL_SERVERAUTH_LISTENER_ADDRESS->.->50300\\nCSIV2_SSL_SERVERAUTH_LISTENER_ADDRESS->.->50400\\nCSIV2_SSL_MUTUALAUTH_LISTENER_ADDRESS->.->50500\\nWC_adminhost->.->50600\\nWC_defaulthost->.->50700\\nDCS_UNICAST_ADDRESS->.->50800\\nWC_adminhost_secure->.->50900\\nWC_defaulthost_secure->.->51000\\nSIP_DEFAULTHOST->.->51100\\nSIP_DEFAULTHOST_SECURE->.->51200\\nOVERLAY_UDP_LISTENER_ADDRESS->.->51300\\nOVERLAY_TCP_LISTENER_ADDRESS->.->51400\\nIPC_CONNECTOR_ADDRESS->.->51500\\nSIB_ENDPOINT_ADDRESS->.->51600\\nSIB_ENDPOINT_SECURE_ADDRESS->.->51700\\nSIB_MQ_ENDPOINT_ADDRESS->.->51800\\nSIB_MQ_ENDPOINT_SECURE_ADDRESS->.->51900",
                        "required": false,
                        "description": "Each mapping is a triplet: endPointName->endPointHost->endPointPort. Each triplet is separated by a \\n. For example, name1->hostname1->port1\\nname2->hostname2->port2\\n. For convenience, you can specify a \".\" as the hostname and the hostname of the node will be used.",
                        "placeholder": ""
                    },
                    {
                        "name": "SERVERNAMEFORMATS",
                        "label": "SERVERNAMEFORMATS",
                        "pattern": "",
                        "type": "TEXT",
                        "value": "*->%c-%n-%i",
                        "required": false,
                        "description": "Newline separated list of format(s) in the form of nodename->pattern. Pattern can contain %c, %n and\/or %i where %c represents the clustername, %n represents the nodename, and %i is the index. The values for the pattern can be specified in any order. A single '*' can be used in place of a nodename to overwrite the default pattern. This default pattern will not affect nodenames which are directly named. \nExample: '*->MySpecialDefault-%c-%i\\nSpecificNodeName->SpecificPattern-%n-%c-%i'",
                        "placeholder": ""
                    }
                ],
                "propDefs": [],
                "properties": [],
                "processes": [
                    {
                        "name": "Apply",
                        "description": "",
                        "defaultWorkingDir": "${p:resource\/work.dir}\/${p:component.name}",
                        "takesVersion": true,
                        "inventoryActionType": "ADD",
                        "status": "Active",
                        "configActionType": "ADD",
                        "active": true,
                        "path": "componentTemplates\/7e3c2204-8b7a-4d6e-86ff-0d67b3535694\/processes\/b1993ad8-42d8-44e9-a32c-75c42f17b6f1",
                        "propDefs": [],
                        "rootActivity": {
                            "edges": [
                                {
                                    "to": "WebSphere Configuration Apply",
                                    "from": "Run Groovy Script",
                                    "type": "SUCCESS",
                                    "value": ""
                                },
                                {
                                    "to": "8625fa10d4ee02e8e4bab2b4db68fd",
                                    "from": "WebSphere Configuration Apply",
                                    "type": "SUCCESS",
                                    "value": ""
                                },
                                {
                                    "to": "Clean Work Directory",
                                    "type": "ALWAYS",
                                    "value": ""
                                },
                                {
                                    "to": "Run Groovy Script",
                                    "from": "Replace Tokens",
                                    "type": "SUCCESS",
                                    "value": ""
                                },
                                {
                                    "to": "Download Artifacts",
                                    "from": "Clean Work Directory",
                                    "type": "SUCCESS",
                                    "value": ""
                                },
                                {
                                    "to": "Replace Tokens",
                                    "from": "Download Artifacts",
                                    "type": "SUCCESS",
                                    "value": ""
                                }
                            ],
                            "offsets": [
                                {
                                    "name": "WebSphere Configuration Apply",
                                    "x": -105,
                                    "y": 470,
                                    "h": 60,
                                    "w": 290
                                },
                                {
                                    "name": "Clean Work Directory",
                                    "x": -95,
                                    "y": 92,
                                    "h": 60,
                                    "w": 270
                                },
                                {
                                    "name": "Replace Tokens",
                                    "x": -60,
                                    "y": 270,
                                    "h": 60,
                                    "w": 200
                                },
                                {
                                    "name": "Run Groovy Script",
                                    "x": -65,
                                    "y": 360,
                                    "h": 60,
                                    "w": 210
                                },
                                {
                                    "name": "Download Artifacts",
                                    "x": -70,
                                    "y": 180,
                                    "h": 60,
                                    "w": 220
                                },
                                {
                                    "name": "8625fa10d4ee02e8e4bab2b4db68fd",
                                    "x": -5,
                                    "y": 600,
                                    "h": 50,
                                    "w": 90
                                }
                            ],
                            "type": "graph",
                            "name": "c30f5050-a4c7-4c89-af35-152d12468e98",
                            "children": [
                                {
                                    "type": "finish",
                                    "name": "8625fa10d4ee02e8e4bab2b4db68fd",
                                    "children": []
                                },
                                {
                                    "allowFailure": false,
                                    "useImpersonation": false,
                                    "showHidden": false,
                                    "impersonationUseSudo": false,
                                    "commandName": "Delete Files and Directories",
                                    "pluginName": "File Utils",
                                    "pluginVersion": 49,
                                    "properties": {
                                        "baseDir": ".",
                                        "includes": "**\/*\n*",
                                        "excludes": "",
                                        "followSymlinks": "false",
                                        "caseSensitive": "true"
                                    },
                                    "type": "plugin",
                                    "name": "Clean Work Directory",
                                    "children": []
                                },
                                {
                                    "allowFailure": false,
                                    "useImpersonation": false,
                                    "showHidden": false,
                                    "impersonationUseSudo": false,
                                    "commandName": "Download Artifacts",
                                    "pluginName": "IBM UrbanCode Deploy Versioned File Storage",
                                    "pluginVersion": 26,
                                    "properties": {
                                        "directoryOffset": ".",
                                        "artifactSetBaseDir": "",
                                        "fileIncludePatterns": "**\/*",
                                        "fileExcludePatterns": "",
                                        "syncMode": "true",
                                        "fullVerification": "true",
                                        "setFileExecuteBits": "false",
                                        "verifyFileIntegrity": "false",
                                        "versionId": "${p:version.id}",
                                        "serverUrl": "${p:server.url}",
                                        "compId": "${p:component.id}",
                                        "resId": "${p:resource.id}",
                                        "charset": "",
                                        "label": ""
                                    },
                                    "type": "plugin",
                                    "name": "Download Artifacts",
                                    "children": []
                                },
                                {
                                    "allowFailure": false,
                                    "useImpersonation": false,
                                    "showHidden": false,
                                    "impersonationUseSudo": false,
                                    "commandName": "Replace Tokens",
                                    "pluginName": "File Utils",
                                    "pluginVersion": 49,
                                    "properties": {
                                        "includes": "**\/*.json",
                                        "excludes": "",
                                        "envPropValues": "${p:environment\/allProperties},${p:resource\/allProperties},${p:component\/allProperties}",
                                        "propertyPrefix": "",
                                        "explicitTokens": "",
                                        "startDelimiter": "@",
                                        "endDelimiter": "@",
                                        "propFile": "replace_tokens.properties",
                                        "dir": ".",
                                        "customEncoding": "UTF-8"
                                    },
                                    "type": "plugin",
                                    "name": "Replace Tokens",
                                    "children": []
                                },
                                {
                                    "allowFailure": false,
                                    "useImpersonation": false,
                                    "showHidden": false,
                                    "impersonationUseSudo": false,
                                    "commandName": "Run Groovy Script",
                                    "pluginName": "Groovy",
                                    "pluginVersion": 7,
                                    "properties": {
                                        "groovyHome": "${GROOVY_HOME}",
                                        "scriptBody": "File file = new File(\"ibm-ucd-resources.json\");\nif (file.isDirectory()) {\n    throw new Exception(\"Directory exists in the way\");\n}\nif (file.isFile()) {\n   System.out.println(\"File already created\");\n}\nelse {\n    file.append(\"[\\n\", \"utf-8\");\n    File dir = new File(\".\");\n    boolean first = true; \n    dir.eachFileRecurse { curfile ->\n        if (curfile.getName().endsWith(\".json\") && !curfile.getName().equals(\"ibm-ucd-resources.json\")) { \n            if (first) {\n                first = false;\n            }\n            else {\n                file.append(\",\\n\", \"utf-8\");\n            }\n            curfile.eachLine { line -> \n                file.append(\"\\n\", \"utf-8\");\n                file.append(line);  \/* Input JSON files are already UTF-8 encoded *\/\n            }\n        }\n    }\n    file.append(\"\\n]\", \"utf-8\");\n}"
                                    },
                                    "type": "plugin",
                                    "name": "Run Groovy Script",
                                    "children": []
                                },
                                {
                                    "allowFailure": false,
                                    "useImpersonation": false,
                                    "showHidden": true,
                                    "impersonationUseSudo": false,
                                    "commandName": "WebSphere Configuration Apply",
                                    "pluginName": "WAS - Configure",
                                    "pluginVersion": 36,
                                    "properties": {
                                        "profilePath": "${p?:resource\/websphere.profilePath}",
                                        "commandPath": "${p?:resource\/websphere.commandPath}",
                                        "wasuser": "${p?:resource\/websphere.user}",
                                        "waspassword": "${p?:resource\/websphere.password}",
                                        "host": "${p?:resource\/websphere.host}",
                                        "port": "${p?:resource\/websphere.port}",
                                        "connType": "SOAP",
                                        "resourcePath": "${p?:resource.path}",
                                        "configurationTypes": "${p?:websphere.cell.configurationtypes}",
                                        "configurationFile": "ibm-ucd-resources.json",
                                        "updateAndCreateOnly": "false",
                                        "logLevel": "3"
                                    },
                                    "type": "plugin",
                                    "name": "WebSphere Configuration Apply",
                                    "children": []
                                }
                            ]
                        }
                    },
                    {
                        "name": "Live Comparison",
                        "description": "",
                        "defaultWorkingDir": "${p:resource\/work.dir}\/${p:component.name}",
                        "takesVersion": true,
                        "status": "",
                        "active": true,
                        "path": "componentTemplates\/7e3c2204-8b7a-4d6e-86ff-0d67b3535694\/processes\/f016656a-69fb-4910-b9ee-6c95914f9c59",
                        "propDefs": [],
                        "rootActivity": {
                            "edges": [
                                {
                                    "to": "Cluster Level Comparison",
                                    "from": "Run Groovy Script",
                                    "type": "SUCCESS",
                                    "value": ""
                                },
                                {
                                    "to": "8625fa10d4ee02e8e4bab2b4db68fd",
                                    "from": "Cluster Level Comparison",
                                    "type": "SUCCESS",
                                    "value": ""
                                },
                                {
                                    "to": "Replace Tokens",
                                    "from": "Download Artifacts",
                                    "type": "SUCCESS",
                                    "value": ""
                                },
                                {
                                    "to": "Download Artifacts",
                                    "from": "Clean Work Directory",
                                    "type": "SUCCESS",
                                    "value": ""
                                },
                                {
                                    "to": "Clean Work Directory",
                                    "type": "ALWAYS",
                                    "value": ""
                                },
                                {
                                    "to": "Run Groovy Script",
                                    "from": "Replace Tokens",
                                    "type": "SUCCESS",
                                    "value": ""
                                }
                            ],
                            "offsets": [
                                {
                                    "name": "Clean Work Directory",
                                    "x": -95,
                                    "y": 92,
                                    "h": 60,
                                    "w": 270
                                },
                                {
                                    "name": "8625fa10d4ee02e8e4bab2b4db68fd",
                                    "x": -5,
                                    "y": 600,
                                    "h": 50,
                                    "w": 90
                                },
                                {
                                    "name": "Cluster Level Comparison",
                                    "x": -115,
                                    "y": 464,
                                    "h": 60,
                                    "w": 310
                                },
                                {
                                    "name": "Download Artifacts",
                                    "x": -70,
                                    "y": 180,
                                    "h": 60,
                                    "w": 220
                                },
                                {
                                    "name": "Replace Tokens",
                                    "x": -60,
                                    "y": 270,
                                    "h": 60,
                                    "w": 200
                                },
                                {
                                    "name": "Run Groovy Script",
                                    "x": -65,
                                    "y": 360,
                                    "h": 60,
                                    "w": 210
                                }
                            ],
                            "type": "graph",
                            "name": "0efcbef3-b685-4749-8d5f-e92282afe650",
                            "children": [
                                {
                                    "type": "finish",
                                    "name": "8625fa10d4ee02e8e4bab2b4db68fd",
                                    "children": []
                                },
                                {
                                    "allowFailure": false,
                                    "useImpersonation": false,
                                    "showHidden": false,
                                    "impersonationUseSudo": false,
                                    "commandName": "Delete Files and Directories",
                                    "pluginName": "File Utils",
                                    "pluginVersion": 49,
                                    "properties": {
                                        "baseDir": ".",
                                        "includes": "**\/*\n*",
                                        "excludes": "",
                                        "followSymlinks": "false",
                                        "caseSensitive": "true"
                                    },
                                    "type": "plugin",
                                    "name": "Clean Work Directory",
                                    "children": []
                                },
                                {
                                    "allowFailure": false,
                                    "useImpersonation": false,
                                    "showHidden": false,
                                    "impersonationUseSudo": false,
                                    "commandName": "Download Artifacts",
                                    "pluginName": "IBM UrbanCode Deploy Versioned File Storage",
                                    "pluginVersion": 26,
                                    "properties": {
                                        "directoryOffset": ".",
                                        "artifactSetBaseDir": "",
                                        "fileIncludePatterns": "**\/*",
                                        "fileExcludePatterns": "",
                                        "syncMode": "true",
                                        "fullVerification": "true",
                                        "setFileExecuteBits": "false",
                                        "verifyFileIntegrity": "false",
                                        "versionId": "${p:version.id}",
                                        "serverUrl": "${p:server.url}",
                                        "compId": "${p:component.id}",
                                        "resId": "${p:resource.id}",
                                        "charset": "",
                                        "label": ""
                                    },
                                    "type": "plugin",
                                    "name": "Download Artifacts",
                                    "children": []
                                },
                                {
                                    "allowFailure": false,
                                    "useImpersonation": false,
                                    "showHidden": false,
                                    "impersonationUseSudo": false,
                                    "commandName": "Replace Tokens",
                                    "pluginName": "File Utils",
                                    "pluginVersion": 49,
                                    "properties": {
                                        "includes": "**\/*.json",
                                        "excludes": "",
                                        "envPropValues": "${p:environment\/allProperties},${p:resource\/allProperties},${p:component\/allProperties}",
                                        "propertyPrefix": "",
                                        "explicitTokens": "",
                                        "startDelimiter": "@",
                                        "endDelimiter": "@",
                                        "propFile": "replace_tokens.properties",
                                        "dir": ".",
                                        "customEncoding": "UTF-8"
                                    },
                                    "type": "plugin",
                                    "name": "Replace Tokens",
                                    "children": []
                                },
                                {
                                    "allowFailure": false,
                                    "useImpersonation": false,
                                    "showHidden": false,
                                    "impersonationUseSudo": false,
                                    "commandName": "Run Groovy Script",
                                    "pluginName": "Groovy",
                                    "pluginVersion": 7,
                                    "properties": {
                                        "groovyHome": "${GROOVY_HOME}",
                                        "scriptBody": "File file = new File(\"ibm-ucd-resources.json\");\nif (file.isDirectory()) {\n    throw new Exception(\"Directory exists in the way\");\n}\nif (file.isFile()) {\n   System.out.println(\"File already created\");\n}\nelse {\n    file.append(\"[\\n\", \"utf-8\");\n    File dir = new File(\".\");\n    boolean first = true; \n    dir.eachFileRecurse { curfile ->\n        if (curfile.getName().endsWith(\".json\") && !curfile.getName().equals(\"ibm-ucd-resources.json\")) { \n            if (first) {\n                first = false;\n            }\n            else {\n                file.append(\",\\n\", \"utf-8\");\n            }\n            curfile.eachLine { line -> \n                file.append(\"\\n\", \"utf-8\");\n                file.append(line);  \/* Input JSON files are already UTF-8 encoded *\/\n            }\n        }\n    }\n    file.append(\"\\n]\", \"utf-8\");\n}"
                                    },
                                    "type": "plugin",
                                    "name": "Run Groovy Script",
                                    "children": []
                                },
                                {
                                    "allowFailure": false,
                                    "useImpersonation": false,
                                    "showHidden": true,
                                    "impersonationUseSudo": false,
                                    "commandName": "WebSphere Configuration Compare",
                                    "pluginName": "WAS - Configure",
                                    "pluginVersion": 36,
                                    "properties": {
                                        "profilePath": "${p?:resource\/websphere.profilePath}",
                                        "commandPath": "${p?:resource\/websphere.commandPath}",
                                        "wasuser": "${p?:resource\/websphere.user}",
                                        "waspassword": "${p?:resource\/websphere.password}",
                                        "host": "${p?:resource\/websphere.host}",
                                        "port": "${p?:resource\/websphere.port}",
                                        "connType": "SOAP",
                                        "resourcePath": "${p?:resource.path}",
                                        "configurationTypes": "${p?:websphere.cell.configurationtypes}",
                                        "configurationFile": "ibm-ucd-resources.json",
                                        "compProcessRequestId": "${p?:request.id}",
                                        "logLevel": "3"
                                    },
                                    "type": "plugin",
                                    "name": "Cluster Level Comparison",
                                    "children": []
                                }
                            ]
                        }
                    }
                ],
                "genericProcesses": [],
                "teamMappings": []
            },
            "sourceConfigPluginName": "File System (Versioned)",
            "envPropDefs": [],
            "resPropDefs": [],
            "versionPropDefs": [],
            "propSheetGroup": {"propSheets": [
                {
                    "name": "template",
                    "properties": []
                },
                {
                    "name": "custom",
                    "properties": []
                },
                {
                    "name": "FileSystemVersionedComponentProperties",
                    "properties": [
                        {
                            "name": "basePath",
                            "value": "\/tmp\/PlantsClusterConfig",
                            "description": "",
                            "secure": false
                        },
                        {
                            "name": "excludes",
                            "description": "",
                            "secure": false
                        },
                        {
                            "name": "extensions",
                            "description": "",
                            "secure": false
                        },
                        {
                            "name": "includes",
                            "description": "",
                            "secure": false
                        },
                        {
                            "name": "saveFileExecuteBits",
                            "value": "false",
                            "description": "",
                            "secure": false
                        }
                    ]
                }
            ]},
            "processes": [],
            "configTemplates": [],
            "genericProcesses": [],
            "teamMappings": [],
            "tags": []
        }
    ],
    "environments": [{
        "name": "Test",
        "description": "",
        "color": "#00B2EF",
        "requireApprovals": false,
        "noSelfApprovals": false,
        "exemptProcesses": [],
        "lockSnapshots": false,
        "cleanupDaysToKeep": 0,
        "cleanupCountToKeep": 0,
        "enableProcessHistoryCleanup": false,
        "useSystemDefaultDays": false,
        "historyCleanupDaysToKeep": -1,
        "order": 0,
        "active": true,
        "propSheet": {"properties": []},
        "templatePropSheet": {
            "name": "template",
            "properties": []
        },
        "baseResources": [{
            "path": "\/topo-discovery\/tnealWAS9dmgr1.rtp.raleigh.ibm.com",
            "id": "938aa03c-d3b3-4446-ba66-e5b561e13d79"
        }],
        "componentPropSheets": [
            {
                "properties": [],
                "componentName": "PlantsByWebSphere"
            },
            {
                "properties": [],
                "componentName": "PlantsClusterConfig"
            }
        ],
        "versionConditions": [],
        "teamMappings": []
    }],
    "statuses": [],
    "processes": [{
        "name": "ConfigureClusterAndInstallPlants",
        "description": "",
        "inventoryManagementType": "AUTOMATIC",
        "offlineAgentHandling": "PRE_EXECUTION_CHECK",
        "rootActivity": {
            "edges": [
                {
                    "to": "4b3a3360826443f6f3be8e3c64c652",
                    "from": "23e4c497dffff4fc8e5b83ca9ea00a",
                    "type": "SUCCESS",
                    "value": ""
                },
                {
                    "to": "23e4c497dffff4fc8e5b83ca9ea00a",
                    "from": "70188c49fbed345c111b8977591766",
                    "type": "SUCCESS",
                    "value": ""
                },
                {
                    "to": "70188c49fbed345c111b8977591766",
                    "type": "ALWAYS",
                    "value": ""
                }
            ],
            "offsets": [
                {
                    "name": "4b3a3360826443f6f3be8e3c64c652",
                    "x": -5,
                    "y": 420,
                    "h": 50,
                    "w": 90
                },
                {
                    "name": "70188c49fbed345c111b8977591766",
                    "x": -165,
                    "y": 110,
                    "h": 50,
                    "w": 410
                },
                {
                    "name": "23e4c497dffff4fc8e5b83ca9ea00a",
                    "x": -75,
                    "y": 247,
                    "h": 50,
                    "w": 230
                }
            ],
            "type": "graph",
            "name": "3eced97f-1cf1-4074-8fb3-78f541c12935",
            "children": [
                {
                    "type": "finish",
                    "name": "4b3a3360826443f6f3be8e3c64c652",
                    "children": []
                },
                {
                    "componentName": "PlantsClusterConfig",
                    "properties": [
                        {
                            "name": "maxIteration",
                            "value": "1"
                        },
                        {
                            "name": "runOnlyOnFirst",
                            "value": "false"
                        },
                        {
                            "name": "failFast",
                            "value": "false"
                        }
                    ],
                    "type": "componentEnvironmentIterator",
                    "name": "70188c49fbed345c111b8977591766",
                    "children": [{
                        "componentName": "PlantsClusterConfig",
                        "status": "Active",
                        "type": "inventoryVersionDiff",
                        "name": "3047c928-a825-44ef-81b9-ad9e42cb6dc6",
                        "children": [{
                            "componentProcessName": "Apply",
                            "componentName": "PlantsClusterConfig",
                            "allowFailure": false,
                            "properties": {},
                            "type": "componentProcess",
                            "name": "Apply Plants Cluster Configuration",
                            "children": []
                        }]
                    }]
                },
                {
                    "componentName": "PlantsByWebSphere",
                    "properties": [
                        {
                            "name": "maxIteration",
                            "value": "-1"
                        },
                        {
                            "name": "runOnlyOnFirst",
                            "value": "false"
                        },
                        {
                            "name": "failFast",
                            "value": "false"
                        }
                    ],
                    "type": "componentEnvironmentIterator",
                    "name": "23e4c497dffff4fc8e5b83ca9ea00a",
                    "children": [{
                        "componentName": "PlantsByWebSphere",
                        "status": "Active",
                        "type": "inventoryVersionDiff",
                        "name": "ef0e92f7-a193-495e-8423-f70b02c39ee7",
                        "children": [{
                            "componentProcessName": "Install",
                            "componentName": "PlantsByWebSphere",
                            "allowFailure": false,
                            "properties": {},
                            "type": "componentProcess",
                            "name": "Install PlantsByWebSphere",
                            "children": []
                        }]
                    }]
                }
            ]
        },
        "propDefs": [],
        "versionPresets": []
    }],
    "genericProcesses": [],
    "teamMappings": [],
    "tags": [],
    "snapshots": [{
        "name": "Release1",
        "description": "Application state at initial release",
        "propSheet": {"properties": []},
        "versions": [
            {
                "id": "c4309088-ff32-49bd-b867-b950d5d68993",
                "name": "v4",
                "description": "",
                "type": "FULL",
                "created": 1467128167520,
                "active": true,
                "archived": false,
                "sizeOnDisk": 995328,
                "properties": [],
                "propSheets": [{
                    "id": "c89b8d95-d7b8-4e46-a9d7-a81569f374ba",
                    "path": "components\/f953d495-fbce-4d9d-8b85-69e13a947f20\/versions\/c4309088-ff32-49bd-b867-b950d5d68993\/propSheetGroup\/propSheets\/c89b8d95-d7b8-4e46-a9d7-a81569f374ba",
                    "version": 2,
                    "versionCount": 2,
                    "commit": 21,
                    "versioned": true,
                    "properties": [],
                    "propSheetDef": {
                        "id": "0a7b5efc-a28e-4cce-8b84-b02dd1eed8c5",
                        "path": "components\/f953d495-fbce-4d9d-8b85-69e13a947f20\/versionPropSheetDef",
                        "version": 1,
                        "versionCount": 1,
                        "commit": 6,
                        "resolveHttpValuesUrl": "property\/propSheetDef\/components%26f953d495-fbce-4d9d-8b85-69e13a947f20%26versionPropSheetDef.-1\/resolveHttpValues",
                        "versioned": true
                    }
                }],
                "totalSize": 987707,
                "totalCount": 3,
                "component": {
                    "security": {
                        "read": true,
                        "Create Components": true,
                        "Create Components From Template": true,
                        "Delete": true,
                        "Edit Basic Settings": true,
                        "Edit Components": true,
                        "Manage Configuration Templates": true,
                        "Manage Processes": true,
                        "Manage Properties": true,
                        "Manage Teams": true,
                        "Manage Versions": true,
                        "View Components": true
                    },
                    "id": "f953d495-fbce-4d9d-8b85-69e13a947f20",
                    "securityResourceId": "6a835675-c0ca-4bc9-a2c4-91212971a091",
                    "name": "PlantsClusterConfig",
                    "description": "",
                    "created": 1468947360278,
                    "componentType": "STANDARD",
                    "ignoreQualifiers": 0,
                    "importAutomatically": false,
                    "useVfs": true,
                    "active": true,
                    "integrationFailed": false,
                    "deleted": false,
                    "defaultVersionType": "FULL",
                    "cleanupDaysToKeep": 0,
                    "cleanupCountToKeep": 0,
                    "templateVersion": -1,
                    "tags": [],
                    "templateTags": [],
                    "user": "admin"
                },
                "creator": "admin",
                "statuses": []
            },
            {
                "id": "63b1a7f4-8b4d-43c4-af02-b738d8a48018",
                "name": "v1",
                "description": "",
                "type": "FULL",
                "created": 1458488673865,
                "active": true,
                "archived": false,
                "sizeOnDisk": 7016448,
                "properties": [],
                "propSheets": [{
                    "id": "80d7c719-176a-417e-b2be-9a0181b34599",
                    "path": "components\/32df2df4-88c8-43ec-aa8c-cd26c98470cc\/versions\/63b1a7f4-8b4d-43c4-af02-b738d8a48018\/propSheetGroup\/propSheets\/80d7c719-176a-417e-b2be-9a0181b34599",
                    "version": 2,
                    "versionCount": 2,
                    "commit": 22,
                    "versioned": true,
                    "properties": [],
                    "propSheetDef": {
                        "id": "6c6d112f-a7fa-4427-8ddf-87e768b94e06",
                        "path": "components\/32df2df4-88c8-43ec-aa8c-cd26c98470cc\/versionPropSheetDef",
                        "version": 1,
                        "versionCount": 1,
                        "commit": 6,
                        "resolveHttpValuesUrl": "property\/propSheetDef\/components%2632df2df4-88c8-43ec-aa8c-cd26c98470cc%26versionPropSheetDef.-1\/resolveHttpValues",
                        "versioned": true
                    }
                }],
                "totalSize": 7011071,
                "totalCount": 1,
                "component": {
                    "security": {
                        "read": true,
                        "Create Components": true,
                        "Create Components From Template": true,
                        "Delete": true,
                        "Edit Basic Settings": true,
                        "Edit Components": true,
                        "Manage Configuration Templates": true,
                        "Manage Processes": true,
                        "Manage Properties": true,
                        "Manage Teams": true,
                        "Manage Versions": true,
                        "View Components": true
                    },
                    "id": "32df2df4-88c8-43ec-aa8c-cd26c98470cc",
                    "securityResourceId": "8c48a6cb-b3ac-4092-a4ab-51440ecff92c",
                    "name": "PlantsByWebSphere",
                    "description": "Deploy, install, and configure PlantsByWebSphere",
                    "created": 1468947359799,
                    "componentType": "STANDARD",
                    "ignoreQualifiers": 0,
                    "importAutomatically": false,
                    "useVfs": true,
                    "active": true,
                    "integrationFailed": false,
                    "deleted": false,
                    "defaultVersionType": "FULL",
                    "cleanupDaysToKeep": 0,
                    "cleanupCountToKeep": 0,
                    "tags": [],
                    "user": "admin"
                },
                "creator": "admin",
                "statuses": []
            }
        ]
    }],
    "automationPlugins": [
        {
            "id": "af43ead3-07c5-4eee-909c-f91cd2ba1a6f",
            "pluginId": "com.urbancode.plugin.VFS",
            "name": "IBM UrbanCode Deploy Versioned File Storage",
            "description": "A plugin to allow IBM UrbanCode Deploy to upload artifacts to CodeStation.",
            "version": "26.748227",
            "versionNumber": 26,
            "ghostedDate": 0
        },
        {
            "id": "8e8e3c80-1ae7-49f5-9072-6576851a84fc",
            "pluginId": "com.urbancode.air.plugin.Groovy",
            "name": "Groovy",
            "description": "The Groovy plugin is an automation based plugin that provides steps for executing user defined Groovy scripts.",
            "version": "7.748221",
            "versionNumber": 7,
            "ghostedDate": 0
        },
        {
            "id": "1b6802e0-639e-4b72-80f6-c8258deb5f7f",
            "pluginId": "com.urbancode.air.plugin.WebSphere",
            "name": "WAS - Deploy",
            "description": "WebSphere Application Server is an application server built using J2EE, XML, and Web Services. This plug-in includes steps for deploying applications to WebSphere Application Server.",
            "version": "96.805833",
            "versionNumber": 96,
            "ghostedDate": 0
        },
        {
            "id": "5404e208-d0f4-4884-8b42-d75bcf7a6294",
            "pluginId": "com.urbancode.air.plugin.websphere.85.configuration",
            "name": "WAS - Configure",
            "description": "WebSphere Application Server is an application server built using J2EE, XML, and Web Services. This plug-in includes steps to import and export configuration information for WebSphere Application Server.",
            "version": "36.800368",
            "versionNumber": 36,
            "ghostedDate": 0
        },
        {
            "id": "3d269624-4779-42d6-b3cc-eeb45baf4c26",
            "pluginId": "com.urbancode.air.plugin.FileUtils",
            "name": "File Utils",
            "description": "The File Utils plug-in includes steps, such as deleting or creating directories and replacing tokens in a file, that perform folder-level and file-level tasks as part of a deployment process.",
            "version": "49.796720",
            "versionNumber": 49,
            "ghostedDate": 0
        }
    ],
    "sourceConfigPlugins": [{
        "id": "5b68e8cc-0de6-443e-963e-2d7cdba92e21",
        "pluginId": "com.urbancode.air.plugin.source.fileSystemVersioned",
        "name": "File System (Versioned)",
        "description": "The File System Versioned plugin automates uploading artifacts from a versioned file system.",
        "version": "5.786812",
        "versionNumber": 5,
        "ghostedDate": 0,
        "componentPropDefs": [
            {
                "id": "6a87ddf4-d6f3-448f-b5ff-f2dc674210c9",
                "name": "basePath",
                "label": "Base Path",
                "type": "TEXT",
                "value": "",
                "required": true,
                "description": "Specify the path to the directory that contains the artifacts. The content of each subdirectory within this base directory is considered a distinct component version. The subdirectory with the most recent timestamp is considered to be the latest version.",
                "placeholder": "\/home\/user\/components",
                "inherited": false
            },
            {
                "id": "5a20e0f7-dab7-4c45-8ce1-585e7933758e",
                "name": "saveFileExecuteBits",
                "label": "Preserve Execute Permissions",
                "type": "CHECKBOX",
                "value": "",
                "required": false,
                "description": "For Linux and UNIX operating systems, select this check box to retain the execute permissions for each file.",
                "inherited": false
            },
            {
                "id": "5873b499-b520-4cfe-b0b5-214218f28366",
                "name": "extensions",
                "label": "Text File Extensions",
                "type": "TEXT",
                "value": "",
                "required": false,
                "description": "If text-type files must be converted into another character set, type the list of file extensions to be converted. Matching file types are converted into the default character set of the system where the agent is located. Separate list items with commas.",
                "placeholder": ".txt,.log,.properties",
                "inherited": false
            },
            {
                "id": "bde64726-6757-411c-865f-bf6c047167a3",
                "name": "includes",
                "label": "Include Files",
                "type": "TEXTAREA",
                "value": "",
                "required": false,
                "description": "Files included in the version upload. The default setting of **\/* uploads all files. Separate files with commas or newline characters.",
                "placeholder": "**\/*",
                "inherited": false
            },
            {
                "id": "c11c1a78-d8a4-4a16-9d19-9875d65ddd86",
                "name": "excludes",
                "label": "Exclude Files",
                "type": "TEXTAREA",
                "value": "",
                "required": false,
                "description": "Files excluded in the version upload. Separate files with commas or newline characters.",
                "inherited": false
            }
        ],
        "importPropDefs": [],
        "componentPropSheetDef": {
            "id": "494ba6f6-53b2-4f8c-bb0f-a52b93d4aec3",
            "name": "FileSystemVersionedComponentProperties",
            "versioned": false,
            "resolveHttpValuesUrl": "property\/propSheetDef\/494ba6f6-53b2-4f8c-bb0f-a52b93d4aec3\/resolveHttpValues"
        },
        "importPropSheetDef": {
            "id": "451551fb-c4a1-48cd-a54a-44a96bbaeadc",
            "versioned": false,
            "resolveHttpValuesUrl": "property\/propSheetDef\/451551fb-c4a1-48cd-a54a-44a96bbaeadc\/resolveHttpValues"
        }
    }]
}
