{
    "name": "IISApp",
    "enforceCompleteSnapshots": false,
    "propSheet": {"properties": []},
    "templatePropSheet": {
        "name": "template",
        "properties": []
    },
    "components": [
        {
            "name": "IIS App Pool Config",
            "created": 1474294712180,
            "componentType": "STANDARD",
            "ignoreQualifiers": 0,
            "importAutomatically": false,
            "useVfs": true,
            "active": true,
            "deleted": false,
            "defaultVersionType": "FULL",
            "cleanupDaysToKeep": 0,
            "cleanupCountToKeep": 0,
            "componentTemplate": {
                "securityResourceId": "3014c875-aeee-4739-82e3-af13d813ef0a",
                "path": "componentTemplates\/54f8b89c-3364-4291-80fe-6d1f63c19527",
                "name": "IIS Config",
                "description": "",
                "ignoreQualifiers": 0,
                "componentType": "STANDARD",
                "tags": [],
                "active": true,
                "envPropDefs": [],
                "resPropDefs": [],
                "propDefs": [],
                "properties": [],
                "processes": [{
                    "name": "Apply",
                    "description": "",
                    "defaultWorkingDir": "${p:resource\/work.dir}\/${p:component.name}",
                    "takesVersion": true,
                    "inventoryActionType": "ADD",
                    "status": "Active",
                    "configActionType": "ADD",
                    "active": true,
                    "path": "componentTemplates\/54f8b89c-3364-4291-80fe-6d1f63c19527\/processes\/99c43b0e-65e5-450b-b726-7be98006358d",
                    "propDefs": [],
                    "rootActivity": {
                        "edges": [
                            {
                                "to": "Clean Working Directory",
                                "type": "ALWAYS",
                                "value": ""
                            },
                            {
                                "to": "f581656a25f0e0088ae5898e7887fc",
                                "from": "IIS Configuration Apply",
                                "type": "SUCCESS",
                                "value": ""
                            },
                            {
                                "to": "IIS Configuration Apply",
                                "from": "IIS Configuration Replace Tokens",
                                "type": "SUCCESS",
                                "value": ""
                            },
                            {
                                "to": "IIS Configuration Replace Tokens",
                                "from": "Download Artifacts",
                                "type": "SUCCESS",
                                "value": ""
                            },
                            {
                                "to": "Download Artifacts",
                                "from": "Clean Working Directory",
                                "type": "SUCCESS",
                                "value": ""
                            }
                        ],
                        "offsets": [
                            {
                                "name": "Download Artifacts",
                                "x": -70,
                                "y": 170,
                                "h": 60,
                                "w": 220
                            },
                            {
                                "name": "IIS Configuration Replace Tokens",
                                "x": -105,
                                "y": 260,
                                "h": 60,
                                "w": 290
                            },
                            {
                                "name": "IIS Configuration Apply",
                                "x": -75,
                                "y": 350,
                                "h": 60,
                                "w": 230
                            },
                            {
                                "name": "f581656a25f0e0088ae5898e7887fc",
                                "x": -5,
                                "y": 440,
                                "h": 50,
                                "w": 90
                            },
                            {
                                "name": "Clean Working Directory",
                                "x": -95,
                                "y": 80,
                                "h": 60,
                                "w": 270
                            }
                        ],
                        "type": "graph",
                        "name": "289ab216-d38d-446b-84f5-e4a0374dd722",
                        "children": [
                            {
                                "type": "finish",
                                "name": "f581656a25f0e0088ae5898e7887fc",
                                "children": []
                            },
                            {
                                "allowFailure": false,
                                "useImpersonation": false,
                                "showHidden": false,
                                "impersonationUseSudo": false,
                                "commandName": "Delete Files and Directories",
                                "pluginName": "File Utils",
                                "pluginVersion": 49,
                                "properties": {
                                    "baseDir": ".",
                                    "includes": "**\/*",
                                    "excludes": "",
                                    "followSymlinks": "false",
                                    "caseSensitive": "true"
                                },
                                "type": "plugin",
                                "name": "Clean Working Directory",
                                "children": []
                            },
                            {
                                "allowFailure": false,
                                "useImpersonation": false,
                                "showHidden": false,
                                "impersonationUseSudo": false,
                                "commandName": "Download Artifacts",
                                "pluginName": "IBM UrbanCode Deploy Versioned File Storage",
                                "pluginVersion": 23,
                                "properties": {
                                    "directoryOffset": ".",
                                    "artifactSetBaseDir": "",
                                    "fileIncludePatterns": "**\/*",
                                    "fileExcludePatterns": "",
                                    "syncMode": "true",
                                    "fullVerification": "true",
                                    "setFileExecuteBits": "false",
                                    "verifyFileIntegrity": "false",
                                    "versionId": "${p:version.id}",
                                    "serverUrl": "${p:server.url}",
                                    "compId": "${p:component.id}",
                                    "resId": "${p:resource.id}",
                                    "charset": "",
                                    "label": ""
                                },
                                "type": "plugin",
                                "name": "Download Artifacts",
                                "children": []
                            },
                            {
                                "allowFailure": false,
                                "useImpersonation": false,
                                "showHidden": false,
                                "impersonationUseSudo": false,
                                "commandName": "IIS Configuration Replace Tokens",
                                "pluginName": "IIS-Configuration",
                                "pluginVersion": 1,
                                "properties": {
                                    "tokenDelimiter": "@",
                                    "propertyPrefix": "",
                                    "customEncoding": "",
                                    "envPropValues": "${p:environment\/allProperties}, ${p:component\/allProperties}, ${p:resource\/allProperties}"
                                },
                                "type": "plugin",
                                "name": "IIS Configuration Replace Tokens",
                                "children": []
                            },
                            {
                                "allowFailure": false,
                                "useImpersonation": false,
                                "showHidden": false,
                                "impersonationUseSudo": false,
                                "commandName": "IIS Configuration Apply",
                                "pluginName": "IIS-Configuration",
                                "pluginVersion": 1,
                                "properties": {
                                    "webDeployPath": "${p?:resource\/iis.webDeployPath}",
                                    "msDeployArgs": "",
                                    "resourcePath": "${p?:resource.path}"
                                },
                                "type": "plugin",
                                "name": "IIS Configuration Apply",
                                "children": []
                            }
                        ]
                    }
                }],
                "genericProcesses": [],
                "teamMappings": []
            },
            "envPropDefs": [],
            "resPropDefs": [],
            "versionPropDefs": [],
            "propSheetGroup": {"propSheets": [
                {
                    "name": "template",
                    "properties": []
                },
                {
                    "name": "custom",
                    "properties": []
                }
            ]},
            "processes": [],
            "configTemplates": [],
            "genericProcesses": [],
            "teamMappings": [],
            "tags": []
        },
        {
            "name": "IIS Application Config",
            "created": 1474294726033,
            "componentType": "STANDARD",
            "ignoreQualifiers": 0,
            "importAutomatically": false,
            "useVfs": true,
            "active": true,
            "deleted": false,
            "defaultVersionType": "FULL",
            "cleanupDaysToKeep": 0,
            "cleanupCountToKeep": 0,
            "componentTemplate": {
                "securityResourceId": "3014c875-aeee-4739-82e3-af13d813ef0a",
                "path": "componentTemplates\/54f8b89c-3364-4291-80fe-6d1f63c19527",
                "name": "IIS Config",
                "description": "",
                "ignoreQualifiers": 0,
                "componentType": "STANDARD",
                "tags": [],
                "active": true,
                "envPropDefs": [],
                "resPropDefs": [],
                "propDefs": [],
                "properties": [],
                "processes": [{
                    "name": "Apply",
                    "description": "",
                    "defaultWorkingDir": "${p:resource\/work.dir}\/${p:component.name}",
                    "takesVersion": true,
                    "inventoryActionType": "ADD",
                    "status": "Active",
                    "configActionType": "ADD",
                    "active": true,
                    "path": "componentTemplates\/54f8b89c-3364-4291-80fe-6d1f63c19527\/processes\/99c43b0e-65e5-450b-b726-7be98006358d",
                    "propDefs": [],
                    "rootActivity": {
                        "edges": [
                            {
                                "to": "Clean Working Directory",
                                "type": "ALWAYS",
                                "value": ""
                            },
                            {
                                "to": "f581656a25f0e0088ae5898e7887fc",
                                "from": "IIS Configuration Apply",
                                "type": "SUCCESS",
                                "value": ""
                            },
                            {
                                "to": "IIS Configuration Apply",
                                "from": "IIS Configuration Replace Tokens",
                                "type": "SUCCESS",
                                "value": ""
                            },
                            {
                                "to": "IIS Configuration Replace Tokens",
                                "from": "Download Artifacts",
                                "type": "SUCCESS",
                                "value": ""
                            },
                            {
                                "to": "Download Artifacts",
                                "from": "Clean Working Directory",
                                "type": "SUCCESS",
                                "value": ""
                            }
                        ],
                        "offsets": [
                            {
                                "name": "Download Artifacts",
                                "x": -70,
                                "y": 170,
                                "h": 60,
                                "w": 220
                            },
                            {
                                "name": "IIS Configuration Replace Tokens",
                                "x": -105,
                                "y": 260,
                                "h": 60,
                                "w": 290
                            },
                            {
                                "name": "IIS Configuration Apply",
                                "x": -75,
                                "y": 350,
                                "h": 60,
                                "w": 230
                            },
                            {
                                "name": "f581656a25f0e0088ae5898e7887fc",
                                "x": -5,
                                "y": 440,
                                "h": 50,
                                "w": 90
                            },
                            {
                                "name": "Clean Working Directory",
                                "x": -95,
                                "y": 80,
                                "h": 60,
                                "w": 270
                            }
                        ],
                        "type": "graph",
                        "name": "289ab216-d38d-446b-84f5-e4a0374dd722",
                        "children": [
                            {
                                "type": "finish",
                                "name": "f581656a25f0e0088ae5898e7887fc",
                                "children": []
                            },
                            {
                                "allowFailure": false,
                                "useImpersonation": false,
                                "showHidden": false,
                                "impersonationUseSudo": false,
                                "commandName": "Delete Files and Directories",
                                "pluginName": "File Utils",
                                "pluginVersion": 49,
                                "properties": {
                                    "baseDir": ".",
                                    "includes": "**\/*",
                                    "excludes": "",
                                    "followSymlinks": "false",
                                    "caseSensitive": "true"
                                },
                                "type": "plugin",
                                "name": "Clean Working Directory",
                                "children": []
                            },
                            {
                                "allowFailure": false,
                                "useImpersonation": false,
                                "showHidden": false,
                                "impersonationUseSudo": false,
                                "commandName": "Download Artifacts",
                                "pluginName": "IBM UrbanCode Deploy Versioned File Storage",
                                "pluginVersion": 23,
                                "properties": {
                                    "directoryOffset": ".",
                                    "artifactSetBaseDir": "",
                                    "fileIncludePatterns": "**\/*",
                                    "fileExcludePatterns": "",
                                    "syncMode": "true",
                                    "fullVerification": "true",
                                    "setFileExecuteBits": "false",
                                    "verifyFileIntegrity": "false",
                                    "versionId": "${p:version.id}",
                                    "serverUrl": "${p:server.url}",
                                    "compId": "${p:component.id}",
                                    "resId": "${p:resource.id}",
                                    "charset": "",
                                    "label": ""
                                },
                                "type": "plugin",
                                "name": "Download Artifacts",
                                "children": []
                            },
                            {
                                "allowFailure": false,
                                "useImpersonation": false,
                                "showHidden": false,
                                "impersonationUseSudo": false,
                                "commandName": "IIS Configuration Replace Tokens",
                                "pluginName": "IIS-Configuration",
                                "pluginVersion": 1,
                                "properties": {
                                    "tokenDelimiter": "@",
                                    "propertyPrefix": "",
                                    "customEncoding": "",
                                    "envPropValues": "${p:environment\/allProperties}, ${p:component\/allProperties}, ${p:resource\/allProperties}"
                                },
                                "type": "plugin",
                                "name": "IIS Configuration Replace Tokens",
                                "children": []
                            },
                            {
                                "allowFailure": false,
                                "useImpersonation": false,
                                "showHidden": false,
                                "impersonationUseSudo": false,
                                "commandName": "IIS Configuration Apply",
                                "pluginName": "IIS-Configuration",
                                "pluginVersion": 1,
                                "properties": {
                                    "webDeployPath": "${p?:resource\/iis.webDeployPath}",
                                    "msDeployArgs": "",
                                    "resourcePath": "${p?:resource.path}"
                                },
                                "type": "plugin",
                                "name": "IIS Configuration Apply",
                                "children": []
                            }
                        ]
                    }
                }],
                "genericProcesses": [],
                "teamMappings": []
            },
            "envPropDefs": [],
            "resPropDefs": [],
            "versionPropDefs": [],
            "propSheetGroup": {"propSheets": [
                {
                    "name": "custom",
                    "properties": []
                },
                {
                    "name": "template",
                    "properties": []
                }
            ]},
            "processes": [],
            "configTemplates": [],
            "genericProcesses": [],
            "teamMappings": [],
            "tags": []
        },
        {
            "name": "IIS Full Config",
            "created": 1474294754337,
            "componentType": "STANDARD",
            "ignoreQualifiers": 0,
            "importAutomatically": false,
            "useVfs": true,
            "active": true,
            "deleted": false,
            "defaultVersionType": "FULL",
            "cleanupDaysToKeep": 0,
            "cleanupCountToKeep": 0,
            "componentTemplate": {
                "securityResourceId": "3014c875-aeee-4739-82e3-af13d813ef0a",
                "path": "componentTemplates\/54f8b89c-3364-4291-80fe-6d1f63c19527",
                "name": "IIS Config",
                "description": "",
                "ignoreQualifiers": 0,
                "componentType": "STANDARD",
                "tags": [],
                "active": true,
                "envPropDefs": [],
                "resPropDefs": [],
                "propDefs": [],
                "properties": [],
                "processes": [{
                    "name": "Apply",
                    "description": "",
                    "defaultWorkingDir": "${p:resource\/work.dir}\/${p:component.name}",
                    "takesVersion": true,
                    "inventoryActionType": "ADD",
                    "status": "Active",
                    "configActionType": "ADD",
                    "active": true,
                    "path": "componentTemplates\/54f8b89c-3364-4291-80fe-6d1f63c19527\/processes\/99c43b0e-65e5-450b-b726-7be98006358d",
                    "propDefs": [],
                    "rootActivity": {
                        "edges": [
                            {
                                "to": "Clean Working Directory",
                                "type": "ALWAYS",
                                "value": ""
                            },
                            {
                                "to": "f581656a25f0e0088ae5898e7887fc",
                                "from": "IIS Configuration Apply",
                                "type": "SUCCESS",
                                "value": ""
                            },
                            {
                                "to": "IIS Configuration Apply",
                                "from": "IIS Configuration Replace Tokens",
                                "type": "SUCCESS",
                                "value": ""
                            },
                            {
                                "to": "IIS Configuration Replace Tokens",
                                "from": "Download Artifacts",
                                "type": "SUCCESS",
                                "value": ""
                            },
                            {
                                "to": "Download Artifacts",
                                "from": "Clean Working Directory",
                                "type": "SUCCESS",
                                "value": ""
                            }
                        ],
                        "offsets": [
                            {
                                "name": "Download Artifacts",
                                "x": -70,
                                "y": 170,
                                "h": 60,
                                "w": 220
                            },
                            {
                                "name": "IIS Configuration Replace Tokens",
                                "x": -105,
                                "y": 260,
                                "h": 60,
                                "w": 290
                            },
                            {
                                "name": "IIS Configuration Apply",
                                "x": -75,
                                "y": 350,
                                "h": 60,
                                "w": 230
                            },
                            {
                                "name": "f581656a25f0e0088ae5898e7887fc",
                                "x": -5,
                                "y": 440,
                                "h": 50,
                                "w": 90
                            },
                            {
                                "name": "Clean Working Directory",
                                "x": -95,
                                "y": 80,
                                "h": 60,
                                "w": 270
                            }
                        ],
                        "type": "graph",
                        "name": "289ab216-d38d-446b-84f5-e4a0374dd722",
                        "children": [
                            {
                                "type": "finish",
                                "name": "f581656a25f0e0088ae5898e7887fc",
                                "children": []
                            },
                            {
                                "allowFailure": false,
                                "useImpersonation": false,
                                "showHidden": false,
                                "impersonationUseSudo": false,
                                "commandName": "Delete Files and Directories",
                                "pluginName": "File Utils",
                                "pluginVersion": 49,
                                "properties": {
                                    "baseDir": ".",
                                    "includes": "**\/*",
                                    "excludes": "",
                                    "followSymlinks": "false",
                                    "caseSensitive": "true"
                                },
                                "type": "plugin",
                                "name": "Clean Working Directory",
                                "children": []
                            },
                            {
                                "allowFailure": false,
                                "useImpersonation": false,
                                "showHidden": false,
                                "impersonationUseSudo": false,
                                "commandName": "Download Artifacts",
                                "pluginName": "IBM UrbanCode Deploy Versioned File Storage",
                                "pluginVersion": 23,
                                "properties": {
                                    "directoryOffset": ".",
                                    "artifactSetBaseDir": "",
                                    "fileIncludePatterns": "**\/*",
                                    "fileExcludePatterns": "",
                                    "syncMode": "true",
                                    "fullVerification": "true",
                                    "setFileExecuteBits": "false",
                                    "verifyFileIntegrity": "false",
                                    "versionId": "${p:version.id}",
                                    "serverUrl": "${p:server.url}",
                                    "compId": "${p:component.id}",
                                    "resId": "${p:resource.id}",
                                    "charset": "",
                                    "label": ""
                                },
                                "type": "plugin",
                                "name": "Download Artifacts",
                                "children": []
                            },
                            {
                                "allowFailure": false,
                                "useImpersonation": false,
                                "showHidden": false,
                                "impersonationUseSudo": false,
                                "commandName": "IIS Configuration Replace Tokens",
                                "pluginName": "IIS-Configuration",
                                "pluginVersion": 1,
                                "properties": {
                                    "tokenDelimiter": "@",
                                    "propertyPrefix": "",
                                    "customEncoding": "",
                                    "envPropValues": "${p:environment\/allProperties}, ${p:component\/allProperties}, ${p:resource\/allProperties}"
                                },
                                "type": "plugin",
                                "name": "IIS Configuration Replace Tokens",
                                "children": []
                            },
                            {
                                "allowFailure": false,
                                "useImpersonation": false,
                                "showHidden": false,
                                "impersonationUseSudo": false,
                                "commandName": "IIS Configuration Apply",
                                "pluginName": "IIS-Configuration",
                                "pluginVersion": 1,
                                "properties": {
                                    "webDeployPath": "${p?:resource\/iis.webDeployPath}",
                                    "msDeployArgs": "",
                                    "resourcePath": "${p?:resource.path}"
                                },
                                "type": "plugin",
                                "name": "IIS Configuration Apply",
                                "children": []
                            }
                        ]
                    }
                }],
                "genericProcesses": [],
                "teamMappings": []
            },
            "envPropDefs": [],
            "resPropDefs": [],
            "versionPropDefs": [],
            "propSheetGroup": {"propSheets": [
                {
                    "name": "template",
                    "properties": []
                },
                {
                    "name": "custom",
                    "properties": []
                }
            ]},
            "processes": [],
            "configTemplates": [],
            "genericProcesses": [],
            "teamMappings": [],
            "tags": []
        },
        {
            "name": "IIS Site Config",
            "created": 1474294741285,
            "componentType": "STANDARD",
            "ignoreQualifiers": 0,
            "importAutomatically": false,
            "useVfs": true,
            "active": true,
            "deleted": false,
            "defaultVersionType": "FULL",
            "cleanupDaysToKeep": 0,
            "cleanupCountToKeep": 0,
            "componentTemplate": {
                "securityResourceId": "3014c875-aeee-4739-82e3-af13d813ef0a",
                "path": "componentTemplates\/54f8b89c-3364-4291-80fe-6d1f63c19527",
                "name": "IIS Config",
                "description": "",
                "ignoreQualifiers": 0,
                "componentType": "STANDARD",
                "tags": [],
                "active": true,
                "envPropDefs": [],
                "resPropDefs": [],
                "propDefs": [],
                "properties": [],
                "processes": [{
                    "name": "Apply",
                    "description": "",
                    "defaultWorkingDir": "${p:resource\/work.dir}\/${p:component.name}",
                    "takesVersion": true,
                    "inventoryActionType": "ADD",
                    "status": "Active",
                    "configActionType": "ADD",
                    "active": true,
                    "path": "componentTemplates\/54f8b89c-3364-4291-80fe-6d1f63c19527\/processes\/99c43b0e-65e5-450b-b726-7be98006358d",
                    "propDefs": [],
                    "rootActivity": {
                        "edges": [
                            {
                                "to": "Clean Working Directory",
                                "type": "ALWAYS",
                                "value": ""
                            },
                            {
                                "to": "f581656a25f0e0088ae5898e7887fc",
                                "from": "IIS Configuration Apply",
                                "type": "SUCCESS",
                                "value": ""
                            },
                            {
                                "to": "IIS Configuration Apply",
                                "from": "IIS Configuration Replace Tokens",
                                "type": "SUCCESS",
                                "value": ""
                            },
                            {
                                "to": "IIS Configuration Replace Tokens",
                                "from": "Download Artifacts",
                                "type": "SUCCESS",
                                "value": ""
                            },
                            {
                                "to": "Download Artifacts",
                                "from": "Clean Working Directory",
                                "type": "SUCCESS",
                                "value": ""
                            }
                        ],
                        "offsets": [
                            {
                                "name": "Download Artifacts",
                                "x": -70,
                                "y": 170,
                                "h": 60,
                                "w": 220
                            },
                            {
                                "name": "IIS Configuration Replace Tokens",
                                "x": -105,
                                "y": 260,
                                "h": 60,
                                "w": 290
                            },
                            {
                                "name": "IIS Configuration Apply",
                                "x": -75,
                                "y": 350,
                                "h": 60,
                                "w": 230
                            },
                            {
                                "name": "f581656a25f0e0088ae5898e7887fc",
                                "x": -5,
                                "y": 440,
                                "h": 50,
                                "w": 90
                            },
                            {
                                "name": "Clean Working Directory",
                                "x": -95,
                                "y": 80,
                                "h": 60,
                                "w": 270
                            }
                        ],
                        "type": "graph",
                        "name": "289ab216-d38d-446b-84f5-e4a0374dd722",
                        "children": [
                            {
                                "type": "finish",
                                "name": "f581656a25f0e0088ae5898e7887fc",
                                "children": []
                            },
                            {
                                "allowFailure": false,
                                "useImpersonation": false,
                                "showHidden": false,
                                "impersonationUseSudo": false,
                                "commandName": "Delete Files and Directories",
                                "pluginName": "File Utils",
                                "pluginVersion": 49,
                                "properties": {
                                    "baseDir": ".",
                                    "includes": "**\/*",
                                    "excludes": "",
                                    "followSymlinks": "false",
                                    "caseSensitive": "true"
                                },
                                "type": "plugin",
                                "name": "Clean Working Directory",
                                "children": []
                            },
                            {
                                "allowFailure": false,
                                "useImpersonation": false,
                                "showHidden": false,
                                "impersonationUseSudo": false,
                                "commandName": "Download Artifacts",
                                "pluginName": "IBM UrbanCode Deploy Versioned File Storage",
                                "pluginVersion": 23,
                                "properties": {
                                    "directoryOffset": ".",
                                    "artifactSetBaseDir": "",
                                    "fileIncludePatterns": "**\/*",
                                    "fileExcludePatterns": "",
                                    "syncMode": "true",
                                    "fullVerification": "true",
                                    "setFileExecuteBits": "false",
                                    "verifyFileIntegrity": "false",
                                    "versionId": "${p:version.id}",
                                    "serverUrl": "${p:server.url}",
                                    "compId": "${p:component.id}",
                                    "resId": "${p:resource.id}",
                                    "charset": "",
                                    "label": ""
                                },
                                "type": "plugin",
                                "name": "Download Artifacts",
                                "children": []
                            },
                            {
                                "allowFailure": false,
                                "useImpersonation": false,
                                "showHidden": false,
                                "impersonationUseSudo": false,
                                "commandName": "IIS Configuration Replace Tokens",
                                "pluginName": "IIS-Configuration",
                                "pluginVersion": 1,
                                "properties": {
                                    "tokenDelimiter": "@",
                                    "propertyPrefix": "",
                                    "customEncoding": "",
                                    "envPropValues": "${p:environment\/allProperties}, ${p:component\/allProperties}, ${p:resource\/allProperties}"
                                },
                                "type": "plugin",
                                "name": "IIS Configuration Replace Tokens",
                                "children": []
                            },
                            {
                                "allowFailure": false,
                                "useImpersonation": false,
                                "showHidden": false,
                                "impersonationUseSudo": false,
                                "commandName": "IIS Configuration Apply",
                                "pluginName": "IIS-Configuration",
                                "pluginVersion": 1,
                                "properties": {
                                    "webDeployPath": "${p?:resource\/iis.webDeployPath}",
                                    "msDeployArgs": "",
                                    "resourcePath": "${p?:resource.path}"
                                },
                                "type": "plugin",
                                "name": "IIS Configuration Apply",
                                "children": []
                            }
                        ]
                    }
                }],
                "genericProcesses": [],
                "teamMappings": []
            },
            "envPropDefs": [],
            "resPropDefs": [],
            "versionPropDefs": [],
            "propSheetGroup": {"propSheets": [
                {
                    "name": "template",
                    "properties": []
                },
                {
                    "name": "custom",
                    "properties": []
                }
            ]},
            "processes": [],
            "configTemplates": [],
            "genericProcesses": [],
            "teamMappings": [],
            "tags": []
        }
    ],
    "environments": [],
    "statuses": [],
    "processes": [
        {
            "name": "Apply",
            "description": "For each Config component in the resource tree, apply the configuration in their subsequent versions to the IIS target",
            "inventoryManagementType": "AUTOMATIC",
            "offlineAgentHandling": "PRE_EXECUTION_CHECK",
            "rootActivity": {
                "edges": [
                    {
                        "to": "636703968fe286c40abf30378a1a72",
                        "type": "ALWAYS",
                        "value": ""
                    },
                    {
                        "to": "5a0950fdf91878cf2caf3e56f883b7",
                        "from": "576965e0081442a4968fc0e6ea3b3e",
                        "type": "SUCCESS",
                        "value": ""
                    },
                    {
                        "to": "576965e0081442a4968fc0e6ea3b3e",
                        "from": "636703968fe286c40abf30378a1a72",
                        "type": "SUCCESS",
                        "value": ""
                    },
                    {
                        "to": "e2377e2821b715c9834b93f0b5a451",
                        "from": "5a0950fdf91878cf2caf3e56f883b7",
                        "type": "SUCCESS",
                        "value": ""
                    }
                ],
                "offsets": [
                    {
                        "name": "636703968fe286c40abf30378a1a72",
                        "x": -100,
                        "y": 100,
                        "h": 60,
                        "w": 280
                    },
                    {
                        "name": "e2377e2821b715c9834b93f0b5a451",
                        "x": -5,
                        "y": 420,
                        "h": 50,
                        "w": 90
                    },
                    {
                        "name": "576965e0081442a4968fc0e6ea3b3e",
                        "x": -120,
                        "y": 202,
                        "h": 60,
                        "w": 320
                    },
                    {
                        "name": "5a0950fdf91878cf2caf3e56f883b7",
                        "x": -135,
                        "y": 310,
                        "h": 60,
                        "w": 350
                    }
                ],
                "type": "graph",
                "name": "0e06500d-4daa-416c-8399-192a6ff86e76",
                "children": [
                    {
                        "type": "finish",
                        "name": "e2377e2821b715c9834b93f0b5a451",
                        "children": []
                    },
                    {
                        "componentName": "IIS Site Config",
                        "properties": [
                            {
                                "name": "maxIteration",
                                "value": "1"
                            },
                            {
                                "name": "runOnlyOnFirst",
                                "value": "false"
                            },
                            {
                                "name": "failFast",
                                "value": "false"
                            }
                        ],
                        "type": "componentEnvironmentIterator",
                        "name": "636703968fe286c40abf30378a1a72",
                        "children": [{
                            "name": "b1bf159a92785ac616137a7c200c9f",
                            "componentName": "IIS Site Config",
                            "type": "allVersionsIterator",
                            "children": [{
                                "componentProcessName": "Apply",
                                "componentName": "IIS Site Config",
                                "allowFailure": false,
                                "properties": {},
                                "type": "componentProcess",
                                "name": "Apply version for each IIS Site Config",
                                "children": []
                            }]
                        }]
                    },
                    {
                        "componentName": "IIS Application Config",
                        "properties": [
                            {
                                "name": "maxIteration",
                                "value": "1"
                            },
                            {
                                "name": "runOnlyOnFirst",
                                "value": "false"
                            },
                            {
                                "name": "failFast",
                                "value": "false"
                            }
                        ],
                        "type": "componentEnvironmentIterator",
                        "name": "576965e0081442a4968fc0e6ea3b3e",
                        "children": [{
                            "name": "7cbffaf37e3e45f9884c2767fd7ef6",
                            "componentName": "IIS Application Config",
                            "type": "allVersionsIterator",
                            "children": [{
                                "componentProcessName": "Apply",
                                "componentName": "IIS Application Config",
                                "allowFailure": false,
                                "properties": {},
                                "type": "componentProcess",
                                "name": "Apply version for each IIS Application Config",
                                "children": []
                            }]
                        }]
                    },
                    {
                        "componentName": "IIS App Pool Config",
                        "properties": [
                            {
                                "name": "maxIteration",
                                "value": "1"
                            },
                            {
                                "name": "runOnlyOnFirst",
                                "value": "false"
                            },
                            {
                                "name": "failFast",
                                "value": "false"
                            }
                        ],
                        "type": "componentEnvironmentIterator",
                        "name": "5a0950fdf91878cf2caf3e56f883b7",
                        "children": [{
                            "name": "5a4dcaefb19de8401c6af68d92466a",
                            "componentName": "IIS App Pool Config",
                            "type": "allVersionsIterator",
                            "children": [{
                                "componentProcessName": "Apply",
                                "componentName": "IIS App Pool Config",
                                "allowFailure": false,
                                "properties": {},
                                "type": "componentProcess",
                                "name": "Apply version for each IIS Application Pool Config",
                                "children": []
                            }]
                        }]
                    }
                ]
            },
            "propDefs": [],
            "versionPresets": []
        },
        {
            "name": "Apply Full",
            "description": "Apply the full IIS configuration after discovering the entire webServer from IIS. (Use only if you want to apply an entire webServer configuration)",
            "inventoryManagementType": "AUTOMATIC",
            "offlineAgentHandling": "PRE_EXECUTION_CHECK",
            "rootActivity": {
                "edges": [
                    {
                        "to": "d661035613c834a89903159226b77e",
                        "from": "40f56ab344f4153e152c59b4336f02",
                        "type": "SUCCESS",
                        "value": ""
                    },
                    {
                        "to": "40f56ab344f4153e152c59b4336f02",
                        "type": "ALWAYS",
                        "value": ""
                    }
                ],
                "offsets": [
                    {
                        "name": "d661035613c834a89903159226b77e",
                        "x": -5,
                        "y": 420,
                        "h": 50,
                        "w": 90
                    },
                    {
                        "name": "40f56ab344f4153e152c59b4336f02",
                        "x": -100,
                        "y": 199,
                        "h": 60,
                        "w": 280
                    }
                ],
                "type": "graph",
                "name": "df7812ff-0cc8-4d48-85c3-09dc37017702",
                "children": [
                    {
                        "type": "finish",
                        "name": "d661035613c834a89903159226b77e",
                        "children": []
                    },
                    {
                        "componentName": "IIS Full Config",
                        "properties": [
                            {
                                "name": "maxIteration",
                                "value": "1"
                            },
                            {
                                "name": "runOnlyOnFirst",
                                "value": "false"
                            },
                            {
                                "name": "failFast",
                                "value": "false"
                            }
                        ],
                        "type": "componentEnvironmentIterator",
                        "name": "40f56ab344f4153e152c59b4336f02",
                        "children": [{
                            "name": "57e3bf6fc8ef60388d52b429a662c9",
                            "componentName": "IIS Full Config",
                            "type": "allVersionsIterator",
                            "children": [{
                                "componentProcessName": "Apply",
                                "componentName": "IIS Full Config",
                                "allowFailure": false,
                                "properties": {},
                                "type": "componentProcess",
                                "name": "Apply version for each IIS Full Config",
                                "children": []
                            }]
                        }]
                    }
                ]
            },
            "propDefs": [],
            "versionPresets": []
        }
    ],
    "genericProcesses": [],
    "teamMappings": [],
    "tags": []
}