<?xml version="1.0" encoding="UTF-8"?>

<!-- 
====================================================================== 
Licensed Materials - Property of IBM Corp. 
IBM Rational Automation Framework 
(c) Copyright IBM Corporation 2003, 2012. All Rights Reserved.   

U.S. Government Users Restricted Rights - Use, duplication or disclosure restricted by 
GSA ADP Schedule Contract with IBM Corp. 


File name: configure_wsrr_common_nd.xml

This is the configuration build file.
====================================================================== 
-->

<project default="default" basedir=".">
	<description>
		Contains configuration tasks for WSRR 
	</description>

	<!-- import custom targets  -->
	<import file="${RAFW_HOME}/user/actions/configure/wsrr/common/nd/custom_configure_wsrr_common_nd.xml" />

	<!-- Import wsrr common all-scope configure targets -->
	<import file="${RAFW_HOME}/product/actions/configure/wsrr/common/configure_wsrr_common.xml" />

	<!-- Import wsrr common cluster-scope configure targets -->
	<import file="${RAFW_HOME}/product/actions/configure/wsrr/common/nd/cluster/configure_wsrr_common_nd_cluster.xml" />

	<!-- Include config_wsrr.properties -->
	<property name="CONFIG_WSRR_PROPERTIES"
	          value="${RAFW_HOME}/user/environments/${ENV_NAME}/cells/${CELL_NAME}/config_wsrr.properties" />
	<property file="${CONFIG_WSRR_PROPERTIES}" />

	<rafwaction name="wsrr_common_configure_remote_db" location="local">
		<option name="dropDB" required="false" />
	</rafwaction>
	<target name="wsrr_common_configure_remote_db"
	        depends="prepare_shell,decode_password,wsrr_common_configure_prepare_db2_sql_files"
	        description="Creates DB artifacts on a remote DB server. Use -opt dropDB=true to clear up the existing DB before creating a new one.">

		<decrypt_password property="WSRR_DB_PASSWORD" />
		<property name="DIR_TO_TRANSFER" value="${CELL_HOME}/dbscripts/wsrr" />

		<call_remote_helper hostname="${WSRR_DB_HOSTNAME}"
		                    user="${WSRR_DB_USER}"
		                    password="${WSRR_DB_PASSWORD}"
		                    function="getOsParam"
		                    args="'SCRIPT_EXT'"
		                    result="REMOTE_SCRIPT_EXT" />

		<if>
			<equals arg1="${opt.dropDB}" arg2="true" />
			<then>
				<var name="REMOTE_COMMAND" unset="true" />
				<var name="REMOTE_COMMAND" value="./dropdb_db2${REMOTE_SCRIPT_EXT}" />
				<call_remote_helper hostname="${WSRR_DB_HOSTNAME}"
				                    user="${WSRR_DB_USER}"
				                    password="${WSRR_DB_PASSWORD}"
				                    function="runCommand"
				                    args="'${REMOTE_COMMAND}', '${DIR_TO_TRANSFER}'" />
			</then>
		</if>

		<var name="REMOTE_COMMAND" unset="true" />
		<var name="REMOTE_COMMAND" value="./runScripts${REMOTE_SCRIPT_EXT}" />
		<call_remote_helper hostname="${WSRR_DB_HOSTNAME}"
		                    user="${WSRR_DB_USER}"
		                    password="${WSRR_DB_PASSWORD}"
		                    function="runCommand"
		                    args="'${REMOTE_COMMAND}', '${DIR_TO_TRANSFER}'" />
	</target>

	<target name="wsrr_common_configure_deploy_wsrr"
	        depends="only_execute,prepare_shell,decode_password"
	        description="Deploy WSRR">

		<decrypt_password property="WSRR_DB_PASSWORD" />
		<decrypt_password property="WSRR_SIB_DB_PASSWORD" />
		<decrypt_password property="WSRR_ACT_DB_PASSWORD" />

		<if>
			<equals arg1="${WSRR_VERSION}" arg2="62" />
			<then>
				<property name="WSRR_INSTALLALL_ARGS"
				          value="
					-was-user ${WAS_USERNAME}
					-was-password ${WAS_PASSWORD}
					-was-home ${ND_WAS_HOME}
					-was-profile ${ND_PROFILE_NAME}
					-soap-port ${ND_SOAP_PORT}
					-configwas true
					-configdb false
					-was-cluster ${WSRR_CLUSTER}
					-administrator-user ${WSRR_ADMINISTRATOR_USER}
					-administrator-group ${WSRR_ADMINISTRATOR_GROUP}
					-user-user ${WSRR_USER_USER}
					-user-group ${WSRR_USER_GROUP}
					-debug ${WSRR_DEBUG}
					-skippreload ${WSRR_SKIPPRELOAD}
					-db-type ${WSRR_DB_TYPE}
					-db-port ${WSRR_DB_PORT}
					-oraport ${WSRR_DB_PORT}
					-db-hostname ${WSRR_DB_HOSTNAME}
					-db-name ${WSRR_DB_NAME}
					-db-user ${WSRR_DB_USER}
					-db-password ${WSRR_DB_PASSWORD}
					-sibschema ${WSRR_SIB_DB_SCHEMA}" />
			</then>
			<else>
				<if>
					<equals arg1="${WSRR_VERSION}" arg2="63" />
					<then>
						<property name="WSRR_INSTALLALL_ARGS"
						          value="
							-was-user ${WAS_USERNAME}
							-was-password ${WAS_PASSWORD}
							-was-home ${ND_WAS_HOME}
							-was-profile ${ND_PROFILE_NAME}
							-soap-port ${ND_SOAP_PORT}
							-configwas true
							-configdb false
							-was-cluster ${WSRR_CLUSTER}
							-administrator-user ${WSRR_ADMINISTRATOR_USER}
							-administrator-group ${WSRR_ADMINISTRATOR_GROUP}
							-user-user ${WSRR_USER_USER}
							-user-group ${WSRR_USER_GROUP}
							-debug ${WSRR_DEBUG}
							-skippreload ${WSRR_SKIPPRELOAD}
							-db-type ${WSRR_DB_TYPE}
							-db2-port ${WSRR_DB_PORT}
							-oraport ${WSRR_DB_PORT}
							-wsrr-db-hostname ${WSRR_DB_HOSTNAME}
							-wsrr-db-name ${WSRR_DB_NAME}
							-wsrr-db-user ${WSRR_DB_USER}
							-wsrr-db-password ${WSRR_DB_PASSWORD}
							-wsrr-oraservice ${WSRR_DB_ORASERVICE}
							-sib-db-hostname ${WSRR_SIB_DB_HOSTNAME}
							-sib-db-name ${WSRR_SIB_DB_NAME}
							-sib-db-user ${WSRR_SIB_DB_USER}
							-sib-db-password ${WSRR_SIB_DB_PASSWORD}
							-sib-oraservice ${WSRR_SIB_DB_ORASERVICE}
							-sib-db-schema ${WSRR_SIB_DB_SCHEMA}
							-act-db-hostname ${WSRR_ACT_DB_HOSTNAME}
							-act-db-name ${WSRR_ACT_DB_NAME}
							-act-db-user ${WSRR_ACT_DB_USER}
							-act-db-password ${WSRR_ACT_DB_PASSWORD}
							-act-oraservice ${WSRR_ACT_DB_ORASERVICE}" />
					</then>
				</if>
			</else>
		</if>

		<if>
			<preview />
			<then>
				<echo message="dir=${WSRR_HOME}/install" />
				<echo message="executable=${WSRR_HOME}/install/installall${SCRIPT_EXT}" />
				<echo message="arguments=${WSRR_INSTALLALL_ARGS}" />

			</then>
			<else>
				<trycatch property="errorStr">
					<try>
						<echo message="${WSRR_HOME}/install/installall${SCRIPT_EXT} ${WSRR_INSTALLALL_ARGS}" />
						<exec dir="${WSRR_HOME}/install"
						      executable="${EXECUTABLE_SHELL}"
						      failonerror="true">
							<arg line="${SHELL_SWITCH} '${CURRENT_FOLDER_PREFIX}installall${SCRIPT_EXT} ${WSRR_INSTALLALL_ARGS}'" />
						</exec>

						<antcall target="post_install_verification">
							<param name="INSTALL_DIR" value="${WSRR_HOME}" />
						</antcall>
						<antcall target="change_directory_ownership">
							<param name="OS_USER" value="${OS_USER}" />
							<param name="OS_GROUP" value="${OS_GROUP}" />
							<param name="DIR" value="${WSRR_HOME}" />
						</antcall>
					</try>
					<catch>
						<fail>Install of WSRR failed: ${errorStr}</fail>
					</catch>
					<finally>
						<var name="LOG_PATH" value="${WSRR_HOME}/install/install.log" />
						<var name="SEC_LOG_PATH" value="${java.io.tmpdir}/log.txt" />
						<antcall target="report_error_log">
							<param name="LOG_PATH" value="${LOG_PATH}" />
							<param name="SEC_LOG_PATH" value="${SEC_LOG_PATH}" />
							<param name="RAFW_LOG_FILE_NAME" value="${TARGET}.log" />
						</antcall>
					</finally>
				</trycatch>
			</else>
		</if>
	</target>

	<target name="wsrr_common_configure_undeploy_wsrr"
	        depends="only_execute,prepare_shell,decode_password"
	        description="Deploy WSRR">

		<decrypt_password property="WSRR_DB_PASSWORD" />
		<decrypt_password property="WSRR_SIB_DB_PASSWORD" />
		<decrypt_password property="WSRR_ACT_DB_PASSWORD" />

		<if>
			<equals arg1="${WSRR_VERSION}" arg2="62" />
			<then>
				<property name="WSRR_INSTALLALL_ARGS"
				          value="
					-was-user ${WAS_USERNAME}
					-was-password ${WAS_PASSWORD}
					-was-home ${ND_WAS_HOME}
					-was-profile ${ND_PROFILE_NAME}
					-soap-port ${ND_SOAP_PORT}
					-configwas true
					-configdb false
					-debug ${WSRR_DEBUG}
					-db-type ${WSRR_DB_TYPE}
					-db-password ${WSRR_DB_PASSWORD}" />
			</then>
			<else>
				<if>
					<equals arg1="${WSRR_VERSION}" arg2="63" />
					<then>
						<property name="WSRR_INSTALLALL_ARGS"
						          value="
							-was-user ${WAS_USERNAME}
							-was-password ${WAS_PASSWORD}
							-was-home ${ND_WAS_HOME}
							-was-profile ${ND_PROFILE_NAME}
							-soap-port ${ND_SOAP_PORT}
							-configwas true
							-configdb false
							-debug ${WSRR_DEBUG}
							-was-cluster ${WSRR_CLUSTER}
							-db-type ${WSRR_DB_TYPE}
							-wsrr-db-password ${WSRR_DB_PASSWORD}
							-sib-db-password ${WSRR_SIB_DB_PASSWORD}
							-act-db-password ${WSRR_ACT_DB_PASSWORD}" />
					</then>
				</if>
			</else>
		</if>

		<if>
			<preview />
			<then>
				<echo message="dir=${WSRR_HOME}/install" />
				<echo message="executable=${WSRR_HOME}/install/uninstallall${SCRIPT_EXT}" />
				<echo message="arguments=${WSRR_INSTALLALL_ARGS}" />

			</then>
			<else>
				<trycatch property="errorStr">
					<try>
						<echo message="${WSRR_HOME}/install/uninstallall${SCRIPT_EXT} ${WSRR_INSTALLALL_ARGS}" />
						<exec dir="${WSRR_HOME}/install"
						      executable="${EXECUTABLE_SHELL}"
						      failonerror="true">
							<arg line="${SHELL_SWITCH} '${CURRENT_FOLDER_PREFIX}uninstallall${SCRIPT_EXT} ${WSRR_INSTALLALL_ARGS}'" />
						</exec>
						<antcall target="change_directory_ownership">
							<param name="OS_USER" value="${OS_USER}" />
							<param name="OS_GROUP" value="${OS_GROUP}" />
							<param name="DIR" value="${WSRR_HOME}" />
						</antcall>
					</try>
					<catch>
						<fail>Uninstall of WSRR failed: ${errorStr}</fail>
					</catch>
					<finally>
						<var name="LOG_PATH" value="${WSRR_HOME}/install/uninstall.log" />
						<var name="SEC_LOG_PATH" value="${java.io.tmpdir}/log.txt" />
						<antcall target="report_error_log">
							<param name="LOG_PATH" value="${LOG_PATH}" />
							<param name="SEC_LOG_PATH" value="${SEC_LOG_PATH}" />
							<param name="RAFW_LOG_FILE_NAME" value="${TARGET}.log" />
						</antcall>
					</finally>
				</trycatch>
			</else>
		</if>
	</target>

	<rafwaction name="wsrr_common_configure_prepare_db2_sql_files" location="local" />
	<target name="wsrr_common_configure_prepare_db2_sql_files"
	        depends="only_execute"
	        description="Prepare DB2 WSRR files and scripts">

		<decrypt_password property="WSRR_DB_PASSWORD" />
		<decrypt_password property="WSRR_SIB_DB_PASSWORD" />
		<decrypt_password property="WSRR_ACT_DB_PASSWORD" />

		<findtemplate property="DB_TEMPLATE_HOME"
		              relpath="configure/wsrr/${WSRR_VERSION}/database/db2"
		              template="runScripts.sh" />

		<fileset dir="${RAFW_HOME}/product/templates/configure/wsrr/${WSRR_VERSION}/database/db2"
		         id="wsrr.db.scripts" />

		<call_remote_helper hostname="${WSRR_DB_HOSTNAME}"
		                    user="${WSRR_DB_USER}"
		                    password="${WSRR_DB_PASSWORD}"
		                    function="getOsParam"
		                    args="'SCRIPT_EXT'"
		                    result="REMOTE_SCRIPT_EXT" />

		<if>
			<preview />
			<then>
				<echo message="Copying files from: ${DB_TEMPLATE_HOME}/*" />
				<echo message="to: ${RAFW_HOME}/work/${ENV_NAME}_*" />
				<echo message="WSRR_DB_NAME: ${WSRR_DB_NAME}" />
				<echo message="WSRR_DB_USER: ${WSRR_DB_USER}" />
				<echo message="WSRR_DB_PASSWORD: ${WSRR_DB_PASSWORD}" />
				<echo message="WSRR_DB2_TSDIR: ${WSRR_DB2_TSDIR}" />
				<echo message="WSRR_WAS_SIBSCHEMA: ${WSRR_WAS_SIBSCHEMA}" />
				<echo message="WSRR_DB_TYPE: ${WSRR_DB_TYPE}" />
			</then>
			<else>
				<for param="FILE">
					<fileset refid="wsrr.db.scripts" />
					<sequential>
						<var name="FILENAME" unset="true" />
						<basename file="@{FILE}" property="FILENAME" />
						<if>
							<not>
								<available file="${DB_TEMPLATE_HOME}/${FILENAME}" />
							</not>
							<then>
								<fail message="File ${DB_TEMPLATE_HOME}/${FILENAME} is missing. All the template files must exist in ${DB_TEMPLATE_HOME}." />
							</then>
							<else>
								<copy overwrite="true"
								      file="${DB_TEMPLATE_HOME}/${FILENAME}"
								      tofile="${CELL_HOME}/dbscripts/wsrr/${FILENAME}">
									<filterchain>
										<replacetokens>
											<token key="DBNAME" value="${WSRR_DB_NAME}" />
											<token key="DBUSER" value="${WSRR_DB_USER}" />
											<token key="DBPASSWORD" value="${WSRR_DB_PASSWORD}" />

											<token key="SIBDBNAME" value="${WSRR_SIB_DB_NAME}" />
											<token key="SIBDBUSER" value="${WSRR_SIB_DB_USER}" />
											<token key="SIBDBPASSWORD"
											       value="${WSRR_SIB_DB_PASSWORD}" />

											<token key="ACTDBNAME" value="${WSRR_ACT_DB_NAME}" />
											<token key="ACTDBUSER" value="${WSRR_ACT_DB_USER}" />
											<token key="ACTDBPASSWORD"
											       value="${WSRR_ACT_DB_PASSWORD}" />

											<token key="DBTYPE" value="${WSRR_DB_TYPE}" />
											<token key="WSRR_DB2_HOME" value="${WSRR_DB2_HOME}" />
											<token key="DB2TSDIR" value="${WSRR_DB2_TSDIR}" />
											<token key="SIBSCHEMA" value="${WSRR_SIB_DB_SCHEMA}" />
										</replacetokens>
									</filterchain>
								</copy>
							</else>
						</if>
					</sequential>
				</for>

				<chmod perm="+x"
				       file="${CELL_HOME}/dbscripts/wsrr/runScripts${REMOTE_SCRIPT_EXT}" />
				<chmod perm="+x"
				       file="${CELL_HOME}/dbscripts/wsrr/dropdb_db2${REMOTE_SCRIPT_EXT}" />
			</else>
		</if>
	</target>

	<target name="wsrr_common_configure_load_default_configuration_profile"
	        depends="prepare_shell,decode_password,build_wsadmin_exec_string"
	        description="Load default configuration profile to WSRR">

		<if>
			<equals arg1="${WSRR_VERSION}" arg2="62" />
			<then>
				<property name="WSRR_PROFILE_NAME" value="DefaultProfile_v62.zip" />
			</then>
			<else>
				<if>
					<equals arg1="${WSRR_VERSION}" arg2="63" />
					<then>
						<property name="WSRR_PROFILE_NAME" value="BasicProfile_v63.zip" />
					</then>
				</if>
			</else>
		</if>

		<property name="WSADMIN_ARGS"
		          value="${CONNECT_ARGS}
			-lang jacl
			-f ${WSRR_HOME}/admin/scripts_cell/loadConfigurationProfile.jacl
			-cell ${CELL_NAME}
			-cluster ${WSRR_CLUSTER}
			-filepath ${WSRR_HOME}/install/config
			-filename ${WSRR_PROFILE_NAME}
			-profilename DefaultProfile" />

		<if>
			<preview />
			<then>
				<echo message="executable=${WAS_PROF_HOME}/bin/wsadmin${SCRIPT_EXT}" />
				<echo message="dir=${WSRR_HOME}/admin/scripts_cell" />
				<echo message="args=${WSADMIN_ARGS}" />
			</then>
			<else>
				<trycatch property="errorStr">
					<try>

						<exec dir="${WSRR_HOME}/admin/scripts_cell"
						      executable="${EXECUTABLE_SHELL}"
						      failonerror="true">
							<arg line="${SHELL_SWITCH} '${WAS_PROF_HOME}/bin/wsadmin${SCRIPT_EXT} ${WSADMIN_ARGS}'" />
						</exec>
					</try>
					<catch>
						<fail>Load of propagation file failed: ${errorStr}</fail>
					</catch>
					<finally>
						<var name="LOG_PATH" value="${WSRR_HOME}/install/install.log" />
						<var name="SEC_LOG_PATH" value="${java.io.tmpdir}/log.txt" />
						<antcall target="report_error_log">
							<param name="LOG_PATH" value="${LOG_PATH}" />
							<param name="SEC_LOG_PATH" value="${SEC_LOG_PATH}" />
							<param name="RAFW_LOG_FILE_NAME" value="${TARGET}.log" />
						</antcall>
					</finally>
				</trycatch>
			</else>
		</if>
	</target>

	<target name="wsrr_common_configure_activate_default_configuration_profile"
	        depends="prepare_shell,decode_password,build_wsadmin_exec_string"
	        description="Activate default configuration profile">

		<property name="WSADMIN_ARGS"
		          value="${CONNECT_ARGS} 
			-lang jacl 
			-f ${WSRR_HOME}/admin/scripts_cell/activateConfigurationProfile.jacl 
			-cell ${CELL_NAME} 
			-cluster ${WSRR_CLUSTER} 
			-profilename DefaultProfile" />

		<if>
			<preview />
			<then>
				<echo message="executable=${WAS_PROF_HOME}/bin/wsadmin${SCRIPT_EXT}" />
				<echo message="dir=${WSRR_HOME}/admin/scripts_cell" />
				<echo message="args=${WSADMIN_ARGS}" />
			</then>
			<else>
				<trycatch property="errorStr">
					<try>
						<exec dir="${WSRR_HOME}/admin/scripts_cell"
						      executable="${EXECUTABLE_SHELL}"
						      failonerror="true">
							<arg line="${SHELL_SWITCH} '${WAS_PROF_HOME}/bin/wsadmin${SCRIPT_EXT} ${WSADMIN_ARGS}'" />
						</exec>
					</try>
					<catch>
						<fail>Load of propagation file failed: ${errorStr}</fail>
					</catch>
					<finally>
						<var name="LOG_PATH" value="${WSRR_HOME}/install/install.log" />
						<var name="SEC_LOG_PATH" value="${java.io.tmpdir}/log.txt" />
						<antcall target="report_error_log">
							<param name="LOG_PATH" value="${LOG_PATH}" />
							<param name="SEC_LOG_PATH" value="${SEC_LOG_PATH}" />
							<param name="RAFW_LOG_FILE_NAME" value="${TARGET}.log" />
						</antcall>
					</finally>
				</trycatch>
			</else>
		</if>
	</target>

	<!--
		hostname (required) - the remote host name
		user     (required) - the remote OS user name
		password (required) - the remote OS password
		function (required) - the RemoteHelper function to be executed
		args     (optional) - the RemoteHelper function arguments
		result   (optional) - the RemoteHelper function result name
	-->
	<macrodef name="call_remote_helper" backtrace="false">
		<attribute name="hostname" />
		<attribute name="user" />
		<attribute name="password" />
		<attribute name="function" />
		<attribute name="args" default="" />
		<attribute name="result" default="JYTHON_TASK_RESULT" />
		<sequential>
			<if>
				<preview />
				<then>
					<echo message="Preview: Executing ${RAFW_HOME}/product/actions/configure/wsrr/common/nd/scripts/RemoteHelper.py" />
					<echo message="         RemoteHelper('@{hostname}', '@{user}', '@{password}').@{function}(@{args})" />
				</then>
				<else>
					<if>
						<not>
							<isset property="MATCHREGEXP" />
						</not>
						<then>
							<property name="MATCHREGEXP" value=".*[A-Z]{2,5}[0-9]{4,5}E .*" />
						</then>
					</if>
					<jython file="${RAFW_HOME}/product/actions/configure/wsrr/common/nd/scripts/RemoteHelper.py"
					        function="RemoteHelper('@{hostname}', '@{user}', '@{password}').@{function}"
					        args="@{args}"
					        result="@{result}">
						<filterchain>
							<linematches property="error.line">
								<matchregexp pattern="${MATCHREGEXP}" />
							</linematches >
						</filterchain >
					</jython>
					<if>
						<isset property="error.line" />
						<then>
							<rafwfail id="CRWWA0190E" resourcebundle="was">
								<logarg value="${error.line}" />
							</rafwfail>
						</then>
					</if>
				</else>
			</if>
		</sequential>
	</macrodef>

</project>
