<?xml version="1.0" encoding="UTF-8"?>
<!--
- Licensed Materials - Property of IBM Corp.
- IBM UrbanCode Deploy
- (c) Copyright IBM Corporation 2011, 2018. All Rights Reserved.
- (c) Copyright HCL Technologies Ltd. 2018, 2019. All Rights Reserved.
-
- U.S. Government Users Restricted Rights - Use, duplication or disclosure restricted by
- GSA ADP Schedule Contract with IBM Corp.
-->

<plugin-upgrade
        xmlns="http://www.urbancode.com/UpgradeXMLSchema_v1"
        xmlns:xsi="http://www.w3.org/2001/XMLSchema-instance">

  <migrate to-version="2">
    <migrate-command name="create">
      <migrate-properties>
        <migrate-property name="path" old="home" />
      </migrate-properties>
    </migrate-command>
    <migrate-command name="delete">
      <migrate-properties>
        <migrate-property name="path" old="home" />
      </migrate-properties>
    </migrate-command>
    <migrate-command name="expose">
      <migrate-properties>
        <migrate-property name="path" old="home" />
      </migrate-properties>
    </migrate-command>
    <migrate-command name="run">
      <migrate-properties>
        <migrate-property name="path" old="home" />
      </migrate-properties>
    </migrate-command>
  </migrate>
  <migrate to-version="3">
    <migrate-command name="expose">
      <migrate-properties>
        <migrate-property name="type" />
      </migrate-properties>
    </migrate-command>
  </migrate>
  <migrate to-version="4">
  </migrate>
  <migrate to-version="5">
    <migrate-command name="Run Image">
      <migrate-properties>
        <migrate-property name="deploymentName" />
      </migrate-properties>
    </migrate-command>
  </migrate>
  <migrate to-version="6">
  </migrate>
  <migrate to-version="7">
  </migrate>
  <migrate to-version="8">
  </migrate>
  <migrate to-version="9">
  </migrate>
  <migrate to-version="10">
  </migrate>
  <migrate to-version="11">
  </migrate>
  <migrate to-version="12">
    <migrate-command name="Process YAML File">
      <migrate-properties>
        <migrate-property name="resourcePath" default="${p:resource.path}" />
      </migrate-properties>
    </migrate-command>
  </migrate>
  <migrate to-version="13">
    <migrate-command name="Process YAML File">
      <migrate-properties>
        <migrate-property name="alwaysVersionFromYaml" default="${p?:environment/alwaysApplyVersionsFromYaml}" />
      </migrate-properties>
    </migrate-command>
  </migrate>
  <migrate to-version="14">
  </migrate>
  <migrate to-version="15">
  </migrate>
  <migrate to-version="16">
  </migrate>
  <migrate to-version="17">
  </migrate>
  <migrate to-version="18">
  </migrate>
  <migrate to-version="19">
  </migrate>
  <migrate to-version="20">
  </migrate>
  <migrate to-version="21">
    <migrate-command name="Use Context">
      <migrate-properties>
        <migrate-property name="flags" />
      </migrate-properties>
    </migrate-command>
  </migrate>
  <migrate to-version="22">
  </migrate>
  <migrate to-version="23">
  </migrate>
  <migrate to-version="24">
  </migrate>
  <migrate to-version="25">
  </migrate>
  <migrate to-version="26">
  </migrate>
  <migrate to-version="27">
  </migrate>
  <migrate to-version="29">
  </migrate>

</plugin-upgrade>
