{
    "name": "WebSphere - Example 1 - Discover & Templatize Configuration Data (WAS ND with Cluster)",
    "description": "Sample process to pull configuration data from a WAS instance and turn that data into templates.",
    "rootActivity": {
        "edges": [
            {
                "to": "Clean working directory",
                "type": "ALWAYS",
                "value": ""
            },
            {
                "to": "WebSphere Configuration Discovery",
                "from": "Clean working directory",
                "type": "SUCCESS",
                "value": ""
            },
            {
                "to": "Create Cluster Config component version",
                "from": "Create Node Config component version",
                "type": "SUCCESS",
                "value": ""
            },
            {
                "to": "aa8621335fe14ac60e5cd40c733226",
                "from": "Create Cluster Config component version",
                "type": "SUCCESS",
                "value": ""
            },
            {
                "to": "Trim property whitespaces",
                "from": "WebSphere - Templatize Server for Cluster Configuration Data",
                "type": "SUCCESS",
                "value": ""
            },
            {
                "to": "WebSphere - Templatize Server for Cluster Configuration Data",
                "from": "WebSphere - Templatize Cluster Configuration Data",
                "type": "SUCCESS",
                "value": ""
            },
            {
                "to": "WebSphere - Templatize Cluster Configuration Data",
                "from": "WebSphere - Templatize Node Configuration Data",
                "type": "SUCCESS",
                "value": ""
            },
            {
                "to": "WebSphere - Extract Configuration Data",
                "from": "WebSphere Configuration Discovery",
                "type": "SUCCESS",
                "value": ""
            },
            {
                "to": "WebSphere - Templatize Node Configuration Data",
                "from": "WebSphere - Templatize Cell Configuration Data",
                "type": "SUCCESS",
                "value": ""
            },
            {
                "to": "Create Cell Config component version",
                "from": "GetInfo",
                "type": "SUCCESS",
                "value": ""
            },
            {
                "to": "WebSphere - Templatize Cell Configuration Data",
                "from": "WebSphere - Extract Configuration Data",
                "type": "SUCCESS",
                "value": ""
            },
            {
                "to": "GetInfo",
                "from": "Trim property whitespaces",
                "type": "SUCCESS",
                "value": ""
            },
            {
                "to": "Create Node Config component version",
                "from": "Create Cell Config component version",
                "type": "SUCCESS",
                "value": ""
            }
        ],
        "offsets": [
            {
                "name": "4238d051f409066af4a1d7d66b913c",
                "x": 267,
                "y": 100,
                "h": 50,
                "w": 190
            },
            {
                "name": "WebSphere - Templatize Node Configuration Data",
                "x": -170,
                "y": 537,
                "h": 52,
                "w": 420
            },
            {
                "name": "Create Cell Config component version",
                "x": -105,
                "y": 1225.6666666666665,
                "h": 60,
                "w": 290
            },
            {
                "name": "624a7ce5f0b68ff948183aaae73458",
                "x": 234,
                "y": 980,
                "h": 52.25999999999999,
                "w": 277
            },
            {
                "name": "Clean working directory",
                "x": -155,
                "y": 100,
                "h": 50,
                "w": 390
            },
            {
                "name": "0ef7587677e75c87973cc53e20e67c",
                "x": 177,
                "y": 1120,
                "h": 65.66666666666663,
                "w": 235
            },
            {
                "name": "WebSphere Configuration Discovery",
                "x": -115,
                "y": 189,
                "h": 60,
                "w": 310
            },
            {
                "name": "cefc5d819fdd99bd15bff20c429655",
                "x": 257,
                "y": 618.3333333333333,
                "h": 130,
                "w": 220
            },
            {
                "name": "52b405ba7b62b1e754fd28fc31dc46",
                "x": 247,
                "y": 430,
                "h": 60,
                "w": 200
            },
            {
                "name": "Create Node Config component version",
                "x": -165,
                "y": 1355.6666666666665,
                "h": 50,
                "w": 410
            },
            {
                "name": "WebSphere - Templatize Server for Cluster Configuration Data",
                "x": -176,
                "y": 810,
                "h": 60,
                "w": 432
            },
            {
                "name": "Create Cluster Config component version",
                "x": -170,
                "y": 1464.9999999999998,
                "h": 50,
                "w": 420
            },
            {
                "name": "aa8621335fe14ac60e5cd40c733226",
                "x": -5,
                "y": 1651.6666666666665,
                "h": 50,
                "w": 90
            },
            {
                "name": "GetInfo",
                "x": -65,
                "y": 1125.6666666666665,
                "h": 60,
                "w": 210
            },
            {
                "name": "WebSphere - Extract Configuration Data",
                "x": -125,
                "y": 310,
                "h": 60,
                "w": 330
            },
            {
                "name": "4c6b40581795cf1c46e4774a550a15",
                "x": 267,
                "y": 518,
                "h": 90,
                "w": 300
            },
            {
                "name": "df298847db3a0f63e43e7a9d677304",
                "x": 235,
                "y": 295,
                "h": 90,
                "w": 200
            },
            {
                "name": "ac90dd6dccee210800cad63d283607",
                "x": 212,
                "y": 1225.6666666666665,
                "h": 58.25999999999999,
                "w": 298
            },
            {
                "name": "WebSphere - Templatize Cell Configuration Data",
                "x": -150,
                "y": 430,
                "h": 60,
                "w": 380
            },
            {
                "name": "WebSphere - Templatize Cluster Configuration Data",
                "x": -146,
                "y": 653.3333333333333,
                "h": 56.66666666666674,
                "w": 372
            },
            {
                "name": "358c12e030f251c816a8b98dc00b1e",
                "x": 212,
                "y": 182.5,
                "h": 75,
                "w": 310
            },
            {
                "name": "1d9534a4da95f01251e6da30e86989",
                "x": 287,
                "y": 770,
                "h": 140,
                "w": 210
            },
            {
                "name": "Trim property whitespaces",
                "x": -138,
                "y": 981.1300000000001,
                "h": 50,
                "w": 350
            }
        ],
        "type": "graph",
        "name": "3d0d7854-605b-4342-8f64-2fe809ff6819",
        "children": [
            {
                "type": "finish",
                "name": "aa8621335fe14ac60e5cd40c733226",
                "children": []
            },
            {
                "allowFailure": false,
                "useImpersonation": false,
                "showHidden": false,
                "impersonationUseSudo": false,
                "commandName": "WebSphere Configuration Discovery",
                "pluginName": "WAS - Configure",
                "pluginVersion": 19,
                "properties": {
                    "profilePath": "${p?:resource\/websphere.profilePath}",
                    "commandPath": "${p?:resource\/websphere.commandPath}",
                    "wasuser": "${p?:resource\/websphere.user}",
                    "waspassword": "${p?:resource\/websphere.password}",
                    "host": "${p?:resource\/websphere.host}",
                    "port": "${p?:resource\/websphere.port}",
                    "connType": "${p?:resource\/websphere.connType}",
                    "resourcePath": "${p?:resource.path}",
                    "configurationTypes": "${p?:websphere.cell.configurationtypes}",
                    "configurationFile": "${p?:websphere.cell.configurationfile}",
                    "configurationOutputFile": "${p:configurationFile}"
                },
                "type": "plugin",
                "name": "WebSphere Configuration Discovery",
                "children": []
            },
            {
                "allowFailure": false,
                "useImpersonation": false,
                "showHidden": false,
                "impersonationUseSudo": false,
                "commandName": "WebSphere - Extract Configuration Data",
                "pluginName": "WAS - Configure",
                "pluginVersion": 19,
                "properties": {
                    "configurationFile": "${p:configurationFile}",
                    "outputDir": "${p:outputDirectory}"
                },
                "type": "plugin",
                "name": "WebSphere - Extract Configuration Data",
                "children": []
            },
            {
                "allowFailure": false,
                "useImpersonation": false,
                "showHidden": false,
                "impersonationUseSudo": false,
                "commandName": "WebSphere - Templatize Cell Configuration Data",
                "pluginName": "WAS - Configure",
                "pluginVersion": 19,
                "properties": {"outputDir": "${p:outputDirectory}"},
                "type": "plugin",
                "name": "WebSphere - Templatize Cell Configuration Data",
                "children": []
            },
            {
                "allowFailure": false,
                "useImpersonation": false,
                "showHidden": false,
                "impersonationUseSudo": false,
                "commandName": "WebSphere - Templatize Node Configuration Data",
                "pluginName": "WAS - Configure",
                "pluginVersion": 19,
                "properties": {
                    "nodeName": "${p:nodeName}",
                    "outputDir": "${p:outputDirectory}"
                },
                "type": "plugin",
                "name": "WebSphere - Templatize Node Configuration Data",
                "children": []
            },
            {
                "allowFailure": false,
                "useImpersonation": false,
                "showHidden": false,
                "impersonationUseSudo": false,
                "commandName": "WebSphere - Templatize Server for Cluster Configuration Data",
                "pluginName": "WAS - Configure",
                "pluginVersion": 19,
                "properties": {
                    "serverName": "${p:serverName}",
                    "nodeName": "${p:nodeName}",
                    "clusterName": "${p:clusterName}",
                    "outputDir": "${p:outputDirectory}"
                },
                "type": "plugin",
                "name": "WebSphere - Templatize Server for Cluster Configuration Data",
                "children": []
            },
            {
                "allowFailure": false,
                "useImpersonation": false,
                "showHidden": false,
                "impersonationUseSudo": false,
                "commandName": "WebSphere - Templatize Cluster Configuration Data",
                "pluginName": "WAS - Configure",
                "pluginVersion": 19,
                "properties": {
                    "clusterName": "${p:clusterName}",
                    "outputDir": "${p:outputDirectory}",
                    "useMultiplicity": "true"
                },
                "type": "plugin",
                "name": "WebSphere - Templatize Cluster Configuration Data",
                "children": []
            },
            {
                "name": "358c12e030f251c816a8b98dc00b1e",
                "text": "Connects to a WAS instance, \ndiscovers its configuration, and \nsaves the configuration data into a \nfile (see the step's Configuration \nOutput File property).",
                "type": "note",
                "children": []
            },
            {
                "name": "df298847db3a0f63e43e7a9d677304",
                "text": "Splits the configuration file into \nmultiple files representing Cell, \nNode, Server, and Cluster \nconfigurations. ",
                "type": "note",
                "children": []
            },
            {
                "name": "52b405ba7b62b1e754fd28fc31dc46",
                "text": "Converts the Cell configuration \ndata into a reusable template.",
                "type": "note",
                "children": []
            },
            {
                "name": "4c6b40581795cf1c46e4774a550a15",
                "text": "Converts a Node's configuration \ndata into a reusable template.  A \nnode name must be specified. \nAdditional steps must be added \nfor each additional node you wish \nto templatize.",
                "type": "note",
                "children": []
            },
            {
                "name": "cefc5d819fdd99bd15bff20c429655",
                "text": "Converts a Cluster's \nconfiguration data into a \nreusable template. A cluster name \nmust be specified, or you may \nenter ALL as the cluster name and \nall available clusters will be \ntemplatized.",
                "type": "note",
                "children": []
            },
            {
                "name": "1d9534a4da95f01251e6da30e86989",
                "text": "Converts a cluster member \n(server) configuration data into \na reusable template. Users must \nspecify the name of the cluster \nmember (server), the name of the \nnode the cluster member resides \non, and the cluster the server \nbelongs to.",
                "type": "note",
                "children": []
            },
            {
                "allowFailure": false,
                "useImpersonation": false,
                "showHidden": false,
                "impersonationUseSudo": false,
                "commandName": "Run Groovy Script",
                "pluginName": "Groovy",
                "pluginVersion": 6,
                "properties": {
                    "groovyHome": "${GROOVY_HOME}",
                    "scriptBody": "import java.text.SimpleDateFormat\n\n\/\/ Get date and time\ndef today = new Date()\ndef formattedDateTime = new SimpleDateFormat(\"yyyy-MM-dd'T'HH:mm:ss.SSSZ\").format(today)\noutProps.put(\"datetime\",formattedDateTime)\n\n\/\/ Get absolute path to outputDirectory\noutputDirString = \"${p:outputDirectory}\"\noutputDirString = outputDirString.trim()\noutputDirAbs = new File(outputDirString).getAbsolutePath()\noutProps.put(\"outputDirAbs\", outputDirAbs)"
                },
                "type": "plugin",
                "name": "GetInfo",
                "children": []
            },
            {
                "allowFailure": false,
                "useImpersonation": false,
                "showHidden": false,
                "impersonationUseSudo": false,
                "workingDir": "${p:GetInfo\/outputDirAbs}\/templates\/Cell",
                "commandName": "Create Version",
                "pluginName": "IBM UrbanCode Deploy Versions",
                "pluginVersion": 62,
                "properties": {
                    "componentName": "Cell Config",
                    "versionName": "${p:GetInfo\/datetime}",
                    "uploadFiles": "true",
                    "includes": "**\/*",
                    "excludes": "",
                    "saveFileExecuteBits": "false"
                },
                "type": "plugin",
                "name": "Create Cell Config component version",
                "children": []
            },
            {
                "allowFailure": false,
                "useImpersonation": false,
                "showHidden": false,
                "impersonationUseSudo": false,
                "workingDir": "${p:GetInfo\/outputDirAbs}\/templates\/Node-${p:Trim property whitespaces\/nodeName}",
                "commandName": "Create Version",
                "pluginName": "IBM UrbanCode Deploy Versions",
                "pluginVersion": 62,
                "properties": {
                    "componentName": "Node Config",
                    "versionName": "${p:GetInfo\/datetime}",
                    "uploadFiles": "true",
                    "includes": "**\/*",
                    "excludes": "",
                    "saveFileExecuteBits": "false"
                },
                "type": "plugin",
                "name": "Create Node Config component version",
                "children": []
            },
            {
                "allowFailure": false,
                "useImpersonation": false,
                "showHidden": false,
                "impersonationUseSudo": false,
                "workingDir": "${p:GetInfo\/outputDirAbs}\/templates\/Cluster-${p:Trim property whitespaces\/clusterName}",
                "commandName": "Create Version",
                "pluginName": "IBM UrbanCode Deploy Versions",
                "pluginVersion": 62,
                "properties": {
                    "componentName": "Cluster Config",
                    "versionName": "${p:GetInfo\/datetime}",
                    "uploadFiles": "true",
                    "includes": "**\/*",
                    "excludes": "",
                    "saveFileExecuteBits": "false"
                },
                "type": "plugin",
                "name": "Create Cluster Config component version",
                "children": []
            },
            {
                "name": "0ef7587677e75c87973cc53e20e67c",
                "text": "Gets the date\/time (for use as version \nnames) and location of templates. Used \nwhen creating component versions.",
                "type": "note",
                "children": []
            },
            {
                "allowFailure": false,
                "useImpersonation": false,
                "showHidden": false,
                "impersonationUseSudo": false,
                "commandName": "Run Groovy Script",
                "pluginName": "Groovy",
                "pluginVersion": 6,
                "properties": {
                    "groovyHome": "${GROOVY_HOME}",
                    "scriptBody": "def nodeName = \"${p:nodeName}\"\ndef clusterName = \"${p:clusterName}\"\ndef serverName = \"${p:serverName}\"\n\noutProps.put(\"nodeName\", nodeName.trim())\noutProps.put(\"clusterName\", clusterName.trim())\noutProps.put(\"serverName\", serverName.trim())\n"
                },
                "type": "plugin",
                "name": "Trim property whitespaces",
                "children": []
            },
            {
                "name": "624a7ce5f0b68ff948183aaae73458",
                "text": "Need to trim any leading\/trailing \nwhitespaces in properties to ensure \ncomponent versions are created correctly.",
                "type": "note",
                "children": []
            },
            {
                "name": "ac90dd6dccee210800cad63d283607",
                "text": "The remaining steps crate component \nversions for the various components.",
                "type": "note",
                "children": []
            },
            {
                "allowFailure": false,
                "useImpersonation": false,
                "showHidden": false,
                "impersonationUseSudo": false,
                "commandName": "Delete Files and Directories",
                "pluginName": "File Utils",
                "pluginVersion": 41,
                "properties": {
                    "baseDir": ".",
                    "includes": "**\/*\n*",
                    "excludes": "",
                    "followSymlinks": "false",
                    "caseSensitive": "true"
                },
                "type": "plugin",
                "name": "Clean working directory",
                "children": []
            },
            {
                "name": "4238d051f409066af4a1d7d66b913c",
                "text": "Clear out the working directory",
                "type": "note",
                "children": []
            }
        ]
    },
    "properties": [
        {
            "name": "contextType",
            "value": "Resource",
            "description": "",
            "secure": false
        },
        {
            "name": "workingDir",
            "value": "${p:resource\/work.dir}\/${p:process.name}",
            "description": "",
            "secure": false
        }
    ],
    "propDefs": [
        {
            "name": "configurationFile",
            "label": "Configuration File",
            "pattern": "",
            "type": "TEXT",
            "value": "discovered_configuration.txt",
            "required": true,
            "description": "Location and name of the file which will contain configuration data (for example, \/tmp\/foo\/was_config_data.txt)",
            "placeholder": ""
        },
        {
            "name": "outputDirectory",
            "label": "Output Directory",
            "pattern": "",
            "type": "TEXT",
            "value": "extractAndTemplatizeOutput",
            "required": true,
            "description": "Location where templates created by this process will be stored. Each extract\/templatize step in a process must use the same output directory. In this directory, folders named extracted (contains configuration data split into different scopes) and templates (contains tokenized, resuable templates) will be created. Example value: \/tmp\/foo\/DataAndTemplates",
            "placeholder": ""
        },
        {
            "name": "nodeName",
            "label": "Node Name",
            "pattern": "",
            "type": "TEXT",
            "required": true,
            "description": "Name of the node to templatize",
            "placeholder": ""
        },
        {
            "name": "clusterName",
            "label": "Cluster Name",
            "pattern": "",
            "type": "TEXT",
            "required": true,
            "description": "Name of the cluster to templatize",
            "placeholder": ""
        },
        {
            "name": "serverName",
            "label": "Server Name",
            "pattern": "",
            "type": "TEXT",
            "required": true,
            "description": "Name of the server (cluster member) to templatize",
            "placeholder": ""
        }
    ],
    "teamMappings": []
}