<?xml version="1.0" encoding="UTF-8" standalone="no"?>
<!--
/**
 * Copyright 2014, 2018 IBM Corp.
 *
 * Licensed under the Apache License, Version 2.0 (the "License");
 * you may not use this file except in compliance with the License.
 * You may obtain a copy of the License at
 *
 * http://www.apache.org/licenses/LICENSE-2.0
 *
 * Unless required by applicable law or agreed to in writing, software
 * distributed under the License is distributed on an "AS IS" BASIS,
 * WITHOUT WARRANTIES OR CONDITIONS OF ANY KIND, either express or implied.
 * See the License for the specific language governing permissions and
 * limitations under the License.
 **/
 -->
 <pluginInfo>
  <!--

  **author name IS required**

  The Author Section is used to give credit to the author of the plugin.
  Name is the only required element/attribute, but feel free to also include your email,
  website  or bio to allow users of your plugin to praise your work, ask questions
  or share their use case to help grow your plugin's functionality.
  -->

  <author name="IBM">
    <organization>IBM</organization>
    <email>ucplugin@us.ibm.com</email>
    <website>https://developer.ibm.com/urbancode/plugins/</website>
    <bio/>
  </author>

  <!--

  **intergration type IS Required**

  The integration type section identifies where the plugin fits into the process
  excepted types are SCM, Build, Artifact, Automation, Deploy

  For example:

  The plugin pulls Artifacts from an artifact repository during deployment
  the Type would be "Artifact"
  or
  The plugin deploys to a middleware server
  the Type would be "Deploy"
  -->

  <integration type="deploy"/>


  <!--
  **source is NOT required**

  The source section identifies the location of the plugin source code
  For example
  https://github.com/...
  -->
  <source url="https://github.com/ibm-datapower/datapower-configuration-manager"/>
  <!--
  **license type is NOT required**

  If your plugin uses any licensed software please acknowledge it by
  listing the license type below

  Apache Ant is a software tool to automate software processes during the build or
  deployment of an application. Ant uses an propitiatory XML file to define build
  and/or deployment steps(referred to as targets by ant) . The Ant executable is
  called to execute the targets in the build.xml.-->

  <licenses>
    <license type="Apache2"/>
  </licenses>

  <!--
  **tool-description IS required**

  The tool-description section is used to summarize the software
  the plugin was created to integrate with.

  For example:
  Apache Ant is a software tool to automate software processes during the build or
  deployment of an application. Ant uses an propitiatory XML file to define build
  and/or deployment steps(referred to as targets by ant) . The Ant executable is
  called to execute the targets in the build.xml.
  -->

  <tool-description> IBM DataPower is a network security appliance.  This plugin assists in deploying services to DataPower appliances. </tool-description>

  <!--
  **related-info is NOT required**

  The releated-info section is used to define links which may be useful to users of the plugin
  but don't fall into the release-notes or tool-description section.

  For example: releated-info can be links to pdf documentation, help videos related to plugin setup or the product's
  website.

  excepted values for type include: PDF, WEBSITE, VIDEO
  -->

  <related-info>
    <link description="Please visit the DataPower version 7.0 (or later) support web site" title="IBM DataPower Homepage" type="WEBSITE" url="http://www-01.ibm.com/support/knowledgecenter/SS9H2Y_7.0.0/com.ibm.dp.doc/welcome.html"/>
  </related-info>

  <!--
  **meta-html in NOT required**

  The meta-html section is used define the meta description and the meta keywords of the plugin page.The meta
  description tag allows you to influence the description of your page in the web crawlers that support the
  tag The meta keywords tag allows   you to provide additional text for crawler-based search engines to index
  along with your body copy.

  If multiple keywords are used they must be comma(,) delimited
  -->

  <meta-html>
    <meta content="" name="description"/>
    <meta content="" name="keywords"/>
  </meta-html>

  <!-- Do not change the release-version, the build process injects it. -->
  <release-version>23.eb38543</release-version>

  <release-notes>
    <!--
      **release-note IS required**

      The plugin-version name must match the plugin version found in the plugin.xml file
    -->

    <release-note plugin-version="1"> Initial release. </release-note>
    <release-note plugin-version="2"> Fix issue #1 - set ANT_HOME to plugin's version of Ant. </release-note>
    <release-note plugin-version="7"> Expose UploadFromDef, GetObjectStatus, RestartDomain. </release-note>
    <release-note plugin-version="8"> Move xalan to apache-ant/lib, use current version of ant (1.9.7). </release-note>
    <release-note plugin-version="9"> Export Object </release-note>
    <release-note plugin-version="10"> Download Files </release-note>
    <release-note plugin-version="11">
        New functionality added to all steps:
            - The ANT_OPTS variable is applied to all commands.
            - Specify the hidden Java Max Memory Size variable to increase the Ant commands JVM size.
    </release-note>
    <release-note plugin-version="12">
        New functionality added to all steps:
            - The hidden Java Max Memory Size variable has new -Xmx4096m, ${p?:environment/memorySize}, and ${p?:resource/memorySize} options.
    </release-note>
    <release-note plugin-version="13">
        Fixes APAR PI79894 - New functionality added to the Import (Basic), Import (Definition), and Import (Deployment Policy Object) steps:
            - The hidden Import Error Regex variable can be utilized to ignore SOMA error responses.
    </release-note>
    <release-note plugin-version="14">
        DataPower plugin is now bundled with Ant v1.9.9.
    </release-note>
    <release-note plugin-version="15">
        Fixes APAR PI85141 - Failure in Export Object step due to missing all.files default argument.
        The Export Object step contains a new Export All Files? property and all required properties are now properly marked.
        Fixes APAR PI84786 - Escape all special characters (except double quotes) in Password field for Windows OS.
    </release-note>
    <release-note plugin-version="16">
        Improve Invoke any deploy.ant.xml target step's Additional Properties decription. Property names and values are now trimmed.
    </release-note>
    <release-note plugin-version="17">
        Issue #81 - Added format argument to the export-object and export-objects DCM targets to define export type. Possible values: XML or ZIP. Default is ZIP.
        Issue #82 - Added missing port property in the importConfig and importConfigDPO macrodefs used by import-from-def and import-dpo DCM tasks.
        PR #85 - Set SSLClientProfile for Load Balancer Groups and update health check comments to include TCPConnectionType check.
    </release-note>
    <release-note plugin-version="18">
        Fixes APAR PI92154 - Missing default format property value in export-object and export-objects targets.
    </release-note>
    <release-note plugin-version="19">
        PR #87 - New key-create target to generate a private key, a public key, and a self-signed certificate.
            - Updated the default spelling of the ref.files property in password-alias-create and password-alias-update targets.
    </release-note>
    <release-note plugin-version="20">
        RFE 115259 - Added the Flush Document Cache and Flush Stylesheet Cache steps and their associated flush-document-cache and flush-stylesheet-cache targets. 
    </release-note>
    <release-note plugin-version="21">
        PR #99 - Parameterized reset-domain for ant CLI and UCD Plugin.
    </release-note>
    <release-note plugin-version="22">
        RFE 142129 - Added Deployment-Policy-variables field to the Import (Deployment Policy Object) step.
    </release-note>
    <release-note plugin-version="23">
        Fixes APAR PH26875 - Removing spaces around the plugin property values.
        RFE 143590 - The "Download Files" step now supports downloading files from multiple directories.
        RFE 142311 - Modified "Upload Directory" to support file Include and Exclude options.
        RFE 142314 - Added new Export Objects steps that enables the export of one or more objects.
    </release-note>
  </release-notes>
</pluginInfo>
