<!--
    Licensed Materials - Property of IBM
    (c) Copyright IBM Corporation 2014. All Rights Reserved.
   
    Note to U.S. Government Users Restricted Rights:  
    Use, duplication or disclosure restricted by GSA ADP Schedule 
    Contract with IBM Corp. 
 -->
<project name="deploy" default="main" basedir="." xmlns:ac="antlib:net.sf.antcontrib">
	<target name="main">
	</target>

	<target name="init">
	</target>

	<!-- The deploy target -->
	<target name="backup" if="${deploy.backupPds}">
		<!-- Macro definition for deploy command -->
		<macrodef name="Bck">
			<attribute name="manifest" />
			<attribute name="zipLocation" />
			<attribute name="zipName" />
			<attribute name="mappingFile" />
			<attribute name="builddefVersion" />
			<attribute name="runtimeVersion" />
			<attribute name="timestamp" />
			<attribute name="traceOption" />
			<sequential>
				<exec executable="${team.deploy.zos.script}" resultproperty="BackupReturnCode">
					<arg line="BUZBKPZP  
		    		                '@{manifest}' '@{zipLocation}' '@{zipName}' '@{mappingFile}' '@{builddefVersion}' '@{runtimeVersion}' '@{timestamp}' '@{traceOption}'" />
				</exec>
				<fail message="${MSG_ERROR_11}">
					<condition>
						<and>
							<isset property="BackupReturnCode">
							</isset>
							<not>
								<equals arg1="${BackupReturnCode}" arg2="0" />
							</not>
						</and>
					</condition>
				</fail>
			</sequential>
		</macrodef>

		<Bck manifest="${deploy.workDirectory}/${deploy.packageManifestFilename}" zipLocation="${deploy.workDirectory}" zipname="${deploy.deployBackupFilename}" mappingFile="${deploy.workDirectory}/${deploy.containerMapperFilename}" builddefVersion="4.0" runtimeVersion="${deploy.toolkit.version}" timestamp="${team.deploy.zos.timestamp}" traceOption="${TRACE}" />
	</target>

	<target name="deploy" depends="backup">
		<!-- Macro definition for deploy command -->
		<macrodef name="Deploy">
			<attribute name="manifest" />
			<attribute name="zipLocation" />
			<attribute name="zipName" />
			<attribute name="mappingFile" />
			<attribute name="builddefVersion" />
			<attribute name="runtimeVersion" />
			<attribute name="uninstallFile" />
			<attribute name="traceOption" />
			<sequential>
				<exec executable="${team.deploy.zos.script}" resultproperty="DeployReturnCode">
					<arg line="BUZDEPZP 
		    		                '@{manifest}' '@{zipLocation}' '@{zipName}' '@{mappingFile}' '@{builddefVersion}' '@{runtimeVersion}' '@{uninstallFile}' '@{traceOption}'" />
				</exec>
				<fail message="${MSG_ERROR_12}">
					<condition>
						<and>
							<isset property="DeployReturnCode">
							</isset>
							<not>
								<equals arg1="${DeployReturnCode}" arg2="0" />
							</not>
						</and>
					</condition>
				</fail>
			</sequential>
		</macrodef>

		<Deploy manifest="${deploy.workDirectory}/${deploy.packageManifestFilename}" zipLocation="${deploy.workDirectory}" zipname="${deploy.packageFilename}" mappingFile="${deploy.workDirectory}/${deploy.containerMapperFilename}" builddefVersion="4.0" runtimeVersion="${deploy.toolkit.version}" uninstallFile="" traceOption="${TRACE}" />
	</target>

	<target name="postDeploy" >
	</target>
	
	<!-- The rollback target -->
	<target name="rollback">
		<!-- Macro definition for rollback command -->
		<macrodef name="Rollback">
			<attribute name="manifest" />
			<attribute name="zipLocation" />
			<attribute name="zipName" />
			<attribute name="mappingFile" />
			<attribute name="builddefVersion" />
			<attribute name="runtimeVersion" />
			<attribute name="uninstallFile" />
			<attribute name="traceOption" />
			<sequential>
				<exec executable="${team.deploy.zos.script}" resultproperty="RollbackReturnCode">
					<arg line="BUZDEPZP 
		    		                '@{manifest}' '@{zipLocation}' '@{zipName}' '@{mappingFile}' '@{builddefVersion}' '@{runtimeVersion}' '@{uninstallFile}' '@{traceOption}'" />
				</exec>
				<fail message="${MSG_ERROR_13}">
					<condition>
						<and>
							<isset property="RollbackReturnCode">
							</isset>
							<not>
								<equals arg1="${RollbackReturnCode}" arg2="0" />
							</not>
						</and>
					</condition>
				</fail>
			</sequential>
		</macrodef>
		<Rollback manifest="${deploy.workDirectory}/${deploy.deployRollbackManifestFilename}" zipLocation="${deploy.workDirectory}" zipname="${deploy.deployBackupFilename}" mappingFile="${deploy.workDirectory}/${deploy.containerMapperFilename}" builddefVersion="4.0" runtimeVersion="${deploy.toolkit.version}" uninstallFile="" traceOption="${TRACE}" />

	</target>
</project>