<?xml version="1.0" encoding="UTF-8"?>
<!--
- Licensed Materials - Property of IBM Corp.
- IBM UrbanCode Deploy
- (c) Copyright IBM Corporation 2018. All Rights Reserved.
-
- U.S. Government Users Restricted Rights - Use, duplication or disclosure restricted by
- GSA ADP Schedule Contract with IBM Corp.
-->

<plugin-upgrade
        xmlns="http://www.urbancode.com/UpgradeXMLSchema_v1"
        xmlns:xsi="http://www.w3.org/2001/XMLSchema-instance">

  <migrate to-version="2">
    <migrate-command name="Retrieve Password">
      <migrate-properties>
        <migrate-property name="keyFile" default=""/>
        <migrate-property name="keyPass" default=""/>
        <migrate-property name="trustFile" default=""/>
        <migrate-property name="trustPass" default=""/>
      </migrate-properties>
    </migrate-command>
  </migrate>
  <migrate to-version="3">
    <migrate-command name="Retrieve Password">
      <migrate-properties>
        <migrate-property name="keyType" default=""/>
        <migrate-property name="keyFile" default=""/>
        <migrate-property name="keyPass" default=""/>
        <migrate-property name="trustCerts" default=""/>
        <migrate-property name="trustFile"/>
        <migrate-property name="trustPass"/>
      </migrate-properties>
    </migrate-command>
  </migrate>
  <migrate to-version="4">
  </migrate>

</plugin-upgrade>