<?xml version="1.0" encoding="UTF-8"?>
<pluginInfo>
  <author>
    <name>UrbanCode</name>
    <email></email>
    <website>http://urbancode.com</website>
  </author>
  <licenses>
    <license></license>
  </licenses>
  <integrationType>Deploy</integrationType>
  <categories>
    <category>database</category>
  </categories>
  <versions>
    <version name="1">
	  <releaseNote>
The DBUpgrader plugin is an automation based plugin. It is executed as part of the deployment to help  manage DB changes.This plugin automates database modifications and rollbacks to all of the popular database servers.
	  </releaseNote>
    </version>
  </versions>
</pluginInfo>