{
    "securityResourceId": "9c64a79b-a691-42a9-9544-d313ca3df4f4",
    "path": "componentTemplates\/7583d30b-4f31-4cc5-aa24-e2b87ce2a9be",
    "name": "CICS CM",
    "description": "Component template for managing CICS resource definitions using CICS CM.",
    "ignoreQualifiers": 0,
    "componentType": "STANDARD",
    "tags": [],
    "active": true,
    "envPropDefs": [],
    "propDefs": [],
    "properties": [],
    "processes": [
        {
            "name": "Dynamic Migration Process",
            "description": "Dynamically migrate resource definitions within a change package to a CSD or BAS configuration.",
            "defaultWorkingDir": "${p:resource\/work.dir}\/${p:component.name}",
            "takesVersion": true,
            "inventoryActionType": "ADD",
            "status": "Active",
            "configActionType": "ADD",
            "active": true,
            "path": "componentTemplates\/7583d30b-4f31-4cc5-aa24-e2b87ce2a9be\/processes\/e247175f-7922-492a-b667-9e3f2b0e5510",
            "propDefs": [],
            "rootActivity": {
                "edges": [
                    {
                        "to": "Ready change package",
                        "from": "Create migration scheme",
                        "type": "SUCCESS",
                        "value": ""
                    },
                    {
                        "to": "093d20f68d7d042df9e91a8874c10d",
                        "from": "Migrate change package",
                        "type": "SUCCESS",
                        "value": ""
                    },
                    {
                        "to": "Create migration scheme",
                        "type": "ALWAYS",
                        "value": ""
                    },
                    {
                        "to": "Migrate change package",
                        "from": "Ready change package",
                        "type": "SUCCESS",
                        "value": ""
                    }
                ],
                "offsets": [
                    {
                        "name": "Migrate change package",
                        "x": -85,
                        "y": 390,
                        "h": 60,
                        "w": 250
                    },
                    {
                        "name": "Ready change package",
                        "x": -80,
                        "y": 250,
                        "h": 60,
                        "w": 240
                    },
                    {
                        "name": "Create migration scheme",
                        "x": -85,
                        "y": 120,
                        "h": 60,
                        "w": 250
                    },
                    {
                        "name": "093d20f68d7d042df9e91a8874c10d",
                        "x": -5,
                        "y": 540,
                        "h": 50,
                        "w": 90
                    }
                ],
                "type": "graph",
                "name": "9484bf6b-d8ef-4482-a707-7d2c02067ac5",
                "children": [
                    {
                        "type": "finish",
                        "name": "093d20f68d7d042df9e91a8874c10d",
                        "children": []
                    },
                    {
                        "allowFailure": false,
                        "useImpersonation": false,
                        "showHidden": false,
                        "impersonationUseSudo": false,
                        "commandName": "Create migration scheme",
                        "pluginName": "CICS CM",
                        "pluginVersion": 1,
                        "properties": {
                            "sourceConfig": "${p:cicscm.sourceConfig}",
                            "targetConfig": "${p:cicscm.targetConfig}",
                            "transfRule": "",
                            "migrationSchemeDesc": "",
                            "hostname": "${p:cicscm.host}",
                            "port": "${p:cicscm.port}",
                            "username": "${p?:cicscm.username}",
                            "password": "crypt_v1{DESede\/CBC\/PKCS5Padding|desedekeygk92|H5T6jRyvJCA=|zUU45GNLxjVL7EtOcK8e3k5lu2Yhc9zhAWOriIYEiafC4tl2ikgxCAAddX\/f7hpmcPmfpJz86L17\/mQ20If\/6OY9mB\/UvNfKUwGC18tRwRLcRBkepleMYP8u0Jn7l\/8K}"
                        },
                        "type": "plugin",
                        "name": "Create migration scheme",
                        "children": []
                    },
                    {
                        "allowFailure": false,
                        "useImpersonation": false,
                        "showHidden": false,
                        "impersonationUseSudo": false,
                        "commandName": "Ready change package",
                        "pluginName": "CICS CM",
                        "pluginVersion": 1,
                        "properties": {
                            "changePackage": "${p:cicscm.changePackage}",
                            "migrationScheme": "${p:Create migration scheme\/migrationScheme}",
                            "hostname": "${p:cicscm.host}",
                            "port": "${p:cicscm.port}",
                            "username": "${p?:cicscm.username}",
                            "password": "crypt_v1{DESede\/CBC\/PKCS5Padding|desedekeygk92|i9KdvaOxQgo=|dBxDZCYFdrFavoY1Xi0C+qIqxLyZkQy8XIr6ySNUGczcxZbyzD5dpReFP9+dJYkX+YwQy3Pwdn7mt2QfOz1Vm+PnSXOwkYynUNDRqo2qkUYFrsO5ohiUWKhw4uGjfpl2}"
                        },
                        "type": "plugin",
                        "name": "Ready change package",
                        "children": []
                    },
                    {
                        "allowFailure": false,
                        "useImpersonation": false,
                        "showHidden": false,
                        "impersonationUseSudo": false,
                        "commandName": "Migrate change package",
                        "pluginName": "CICS CM",
                        "pluginVersion": 1,
                        "properties": {
                            "changePackage": "${p:cicscm.changePackage}",
                            "migrationScheme": "${p:Create migration scheme\/migrationScheme}",
                            "hostname": "${p:cicscm.host}",
                            "port": "${p:cicscm.port}",
                            "username": "${p?:cicscm.username}",
                            "password": "crypt_v1{DESede\/CBC\/PKCS5Padding|desedekeygk92|otozpNQ7Izo=|GMfmc7xs\/gIrRzrlsUMcwhFktMuWrsnoYkpOL4qvqqzsBXI3BDMS4BUWh+cWQle0iSGiYceUbgcVPACPxVeUJYp06NIJJOSaIgjVklueQf\/uAXI\/TP72mbMNSPBTBwcS}"
                        },
                        "type": "plugin",
                        "name": "Migrate change package",
                        "children": []
                    }
                ]
            }
        },
        {
            "name": "Dynamic Migration and Install (CSD) Process",
            "description": "Dynamically migrate resource definitions within a change package to a CSD configuration, and then install the resource definitions to a connected CICS region.",
            "defaultWorkingDir": "${p:resource\/work.dir}\/${p:component.name}",
            "takesVersion": true,
            "inventoryActionType": "ADD",
            "status": "Active",
            "configActionType": "ADD",
            "active": true,
            "path": "componentTemplates\/7583d30b-4f31-4cc5-aa24-e2b87ce2a9be\/processes\/c1eeae1b-59ff-49a0-a926-1f71ecd81225",
            "propDefs": [],
            "rootActivity": {
                "edges": [
                    {
                        "to": "914ad65268b06a47b2472b64aa7fef",
                        "from": "Install change package (CSD)",
                        "type": "SUCCESS",
                        "value": ""
                    },
                    {
                        "to": "Install change package (CSD)",
                        "from": "Migrate change package",
                        "type": "SUCCESS",
                        "value": ""
                    },
                    {
                        "to": "Create migration scheme",
                        "type": "ALWAYS",
                        "value": ""
                    },
                    {
                        "to": "Ready change package",
                        "from": "Create migration scheme",
                        "type": "SUCCESS",
                        "value": ""
                    },
                    {
                        "to": "Migrate change package",
                        "from": "Ready change package",
                        "type": "SUCCESS",
                        "value": ""
                    }
                ],
                "offsets": [
                    {
                        "name": "Install change package (CSD)",
                        "x": -100,
                        "y": 520,
                        "h": 60,
                        "w": 280
                    },
                    {
                        "name": "Ready change package",
                        "x": -80,
                        "y": 250,
                        "h": 60,
                        "w": 240
                    },
                    {
                        "name": "914ad65268b06a47b2472b64aa7fef",
                        "x": -5,
                        "y": 660,
                        "h": 50,
                        "w": 90
                    },
                    {
                        "name": "Migrate change package",
                        "x": -85,
                        "y": 380,
                        "h": 60,
                        "w": 250
                    },
                    {
                        "name": "Create migration scheme",
                        "x": -85,
                        "y": 120,
                        "h": 60,
                        "w": 250
                    }
                ],
                "type": "graph",
                "name": "67935523-a20a-45a3-8e4d-41fd65032790",
                "children": [
                    {
                        "type": "finish",
                        "name": "914ad65268b06a47b2472b64aa7fef",
                        "children": []
                    },
                    {
                        "allowFailure": false,
                        "useImpersonation": false,
                        "showHidden": false,
                        "impersonationUseSudo": false,
                        "commandName": "Create migration scheme",
                        "pluginName": "CICS CM",
                        "pluginVersion": 1,
                        "properties": {
                            "sourceConfig": "${p:cicscm.sourceConfig}",
                            "targetConfig": "${p:cicscm.targetConfig}",
                            "transfRule": "",
                            "migrationSchemeDesc": "",
                            "hostname": "${p:cicscm.host}",
                            "port": "${p:cicscm.port}",
                            "username": "${p?:cicscm.username}",
                            "password": "crypt_v1{DESede\/CBC\/PKCS5Padding|desedekeygk92|6YoQv5ITJFE=|XigSrFxV5yciNGLYN4EZC+kSgtWkMrOd44X5986Z+x87aL91CzHDrpJF\/PKMd\/OxQ0SxJ6wIVcGyGIIAOY\/\/lau+HbpNemn9paVssxL7RbJArg5CJ80dElcWuxojsdyX}"
                        },
                        "type": "plugin",
                        "name": "Create migration scheme",
                        "children": []
                    },
                    {
                        "allowFailure": false,
                        "useImpersonation": false,
                        "showHidden": false,
                        "impersonationUseSudo": false,
                        "commandName": "Ready change package",
                        "pluginName": "CICS CM",
                        "pluginVersion": 1,
                        "properties": {
                            "changePackage": "${p:cicscm.changePackage}",
                            "migrationScheme": "${p:Create migration scheme\/migrationScheme}",
                            "hostname": "${p:cicscm.host}",
                            "port": "${p:cicscm.port}",
                            "username": "${p?:cicscm.username}",
                            "password": "crypt_v1{DESede\/CBC\/PKCS5Padding|desedekeygk92|0F+6NCVzLGo=|FrdorE8h7GuoSTZ3PpW5WfZptR5Aq7USF6qEgWr\/itB9N\/8SPao\/4TcASFkyWidg\/53sMPdATTkVDc1rl1t41SbndJ\/XeQuX1mpQHI\/nlyCAwpPuswshf5\/Cxqqd0IN5}"
                        },
                        "type": "plugin",
                        "name": "Ready change package",
                        "children": []
                    },
                    {
                        "allowFailure": false,
                        "useImpersonation": false,
                        "showHidden": false,
                        "impersonationUseSudo": false,
                        "commandName": "Migrate change package",
                        "pluginName": "CICS CM",
                        "pluginVersion": 1,
                        "properties": {
                            "changePackage": "${p:cicscm.changePackage}",
                            "migrationScheme": "${p:Create migration scheme\/migrationScheme}",
                            "hostname": "${p:cicscm.host}",
                            "port": "${p:cicscm.port}",
                            "username": "${p?:cicscm.username}",
                            "password": "crypt_v1{DESede\/CBC\/PKCS5Padding|desedekeygk92|DVR7\/Z94Odc=|Z8FjY+1ikRvybtfx381JkiGz\/W1tE35IaV1wjsoxCC2jwP30w0hjIP1WhvA8jL5kFIo3WR5vam\/7jWMXkNkY3LP1qQE3cxi291xrWOmDviLYCyJQdZ6uwHIfwxzLZs8G}"
                        },
                        "type": "plugin",
                        "name": "Migrate change package",
                        "children": []
                    },
                    {
                        "allowFailure": false,
                        "useImpersonation": false,
                        "showHidden": false,
                        "impersonationUseSudo": false,
                        "commandName": "Install change package (CSD)",
                        "pluginName": "CICS CM",
                        "pluginVersion": 1,
                        "properties": {
                            "changePackage": "${p:cicscm.changePackage}",
                            "targetConfig": "${p:cicscm.targetConfig}",
                            "csdConnection": "${p:cicscm.csdConnection}",
                            "quiesce": "true",
                            "discard": "true",
                            "hostname": "${p:cicscm.host}",
                            "port": "${p:cicscm.port}",
                            "username": "${p?:cicscm.username}",
                            "password": "crypt_v1{DESede\/CBC\/PKCS5Padding|desedekeygk92|O\/B1zy5CaW4=|M3KPuKtiedIpLNfpAVT3CeVQ1AvhGP3MfgYyOEwMc4YLTVMH1Ly4sdTWqt0G+E5m2oYsutxidNSMaOdAHn2OcJVikRYmC5aSyCSpbfBEH5yrkk9yIVeqdTVEdu04fSPc}"
                        },
                        "type": "plugin",
                        "name": "Install change package (CSD)",
                        "children": []
                    }
                ]
            }
        }
    ],
    "genericProcesses": [],
    "teamMappings": []
}