<?xml version="1.0" encoding="UTF-8"?><!--
- Licensed Materials - Property of IBM Corp.
- IBM UrbanCode Deploy
- (c) Copyright IBM Corporation 2011, 2016. All Rights Reserved.
-
- U.S. Government Users Restricted Rights - Use, duplication or disclosure restricted by
- GSA ADP Schedule Contract with IBM Corp.
--><pluginInfo>
  <!-- Do not change the release-version, the build process injects it. -->
  <release-version>11.845202</release-version>

  <release-notes>
    <!--
      The release-note should document the changes, improvements, or bug fixes introduced
      with the new plugin version

      The release-note may contain text

      For example your release note could be:
      Support for was added for version 10.0 for software X

      To add a new release note add this with a description in it of the changes:
      <release-note plugin-version="1">....</release-note>
    -->

    <release-note plugin-version="2">
Initial release of IBM-supported plugin to poll Docker registry for new component versions.
    </release-note>
    <release-note plugin-version="3">
Fix defect 147213: Leaving the "Registry" field blank now points to Docker Hub by default.
    </release-note>
    <release-note plugin-version="4">
Added ICS functionality.
    </release-note>
    <release-note plugin-version="5">
Fixes APAR PI57417. Plug-in now checks the agent settings for acceptance of self signed certificates.
    </release-note>
    <release-note plugin-version="6">
Added Plaintext support.
    </release-note>
    <release-note plugin-version="7">
Added functionality to import image labels as version properties.
    </release-note>
    <release-note plugin-version="8">
Added functionality to import OpenShift Labels as version properties.
Added leverage of CF_HOME and cf login when importing from ICS.
    </release-note>
    <release-note plugin-version="9">
Updated ICS:
    - Bearer Token for authentication is correctly parsed
    - Space UID is properly specified
    - OS dynamic file sperators added
    - CF_HOME is now specifiable
    - CF_HOME defaults to user_home/.cf
Set VersionID output property to enable "Run Process After Version Import" functionality.
    </release-note>
    <release-note plugin-version="10">
Able to import more than 10 versions on a single import.
Importing from the public Docker Registry will continue on "null" Label values.
Improved error output when image is not found.
    </release-note>
    <release-note plugin-version="11">
Updated OpenShift implmentation to only use the CLI.
    </release-note>
  </release-notes>
</pluginInfo>