<?xml version="1.0" encoding="UTF-8"?>
<!-- 
====================================================================== 
Licensed Materials - Property of IBM Corp. 
IBM Rational Automation Framework 
(c) Copyright IBM Corporation 2003, 2012. All Rights Reserved.   

U.S. Government Users Restricted Rights - Use, duplication or disclosure restricted by 
GSA ADP Schedule Contract with IBM Corp. 


File name: configure_wp70.xml

This is the  WP_70 configuration build file.

These actions are available to WP70 at the node scope.
====================================================================== 
-->
<project basedir="." default="default">
	<description>
		Contains various configuration tasks for WP 70
	</description>

	<property name="CELL_HOME"
	          value="${RAFW_HOME}/user/environments/${ENV_NAME}/cells/${CELL_NAME}" />
	<!-- these paths are different than prior versions, the path is in the cell and not at the node -->
	<!-- Define the path to db properties -->
	<property name="DB_PROPERTIES" value="${CELL_HOME}/config_wp_db.properties" />
	<!-- Define the path to ldap properties -->
	<property name="LDAP_PROPERTIES" value="${CELL_HOME}/config_wp_ldap.properties" />
	<!-- Define the path to wcm properties -->
	<property name="WCM_PROPERTIES" value="${CELL_HOME}/config_wp_wcm.properties" />

	<!-- The path to the WP ConfigEngine properties file -->
	<property name="PORTAL_CONFIG_FILE"
	          value="${WAS_PROF_HOME}/ConfigEngine/properties/wkplc.properties" />

	<!-- import the wp custom configure targets -->
	<import file="${RAFW_HOME}/user/actions/configure/wp/70/base/custom_configure_wp70_base.xml" />

	<!-- import the wp common configure targets -->
	<import file="${RAFW_HOME}/product/actions/configure/wp/common/base/configure_wp_common_base.xml" />
	<import file="${RAFW_HOME}/product/actions/configure/wp/common/base/configure_wp_base_since_61.xml" />

	<!-- import the wp library utilities -->
	<import file="${RAFW_HOME}/product/lib/wp/wp_lib.xml" />

	<rafwaction name="wp_70_configure_cluster_node_config_post_federation"
	            unsupportedplatforms="zos" />
	<target description="Portal cluster post-federation task"
	        name="wp_70_configure_cluster_node_config_post_federation">

		<decrypt_password property="WAS_PASSWORD" />
		<!-- update properties -->
		<propertyeditor file="${PORTAL_CONFIG_FILE}" preview="${PREVIEW_MODE}">
			<setproperty name="WasUserid" value="${WAS_USERNAME}" />
			<setproperty name="WasPassword" value="${WAS_PASSWORD}" echo="false" />
			<setproperty name="PortalAdminPwd" value="${WAS_PASSWORD}" echo="false" />
			<setproperty name="WasRemoteHostName" value="${ND_HOST_NAME}" />
			<setproperty name="WasSoapPort" value="${ND_SOAP_PORT}" />
			<setproperty name="ServerName" value="WebSphere_Portal" />
			<setproperty name="PrimaryNode" value="true" />
			<setproperty name="ClusterName" value="${WP_CLUSTER_NAME}" />
		</propertyeditor>

		<antcall target="wp_common_configure_call_portal_config">
			<param name="TASK" value="cluster-node-config-post-federation" />
			<param name="SAVE_PARENT" value="true" />
		</antcall>
	</target>

	<rafwaction name="wp_70_configure_cluster_node_config_cluster_setup"
	            unsupportedplatforms="zos" />
	<target description="Portal cluster setup task"
	        name="wp_70_configure_cluster_node_config_cluster_setup">

		<decrypt_password property="WAS_PASSWORD" />
		<propertyeditor file="${PORTAL_CONFIG_FILE}" preview="${PREVIEW_MODE}">
			<setproperty name="WasUserid" value="${WAS_USERNAME}" />
			<setproperty name="WasPassword" value="${WAS_PASSWORD}" echo="false" />
			<setproperty name="PortalAdminPwd" value="${WAS_PASSWORD}" echo="false" />
			<setproperty name="WasRemoteHostName" value="${ND_HOST_NAME}" />
			<setproperty name="WasSoapPort" value="${ND_SOAP_PORT}" />
			<setproperty name="ClusterName" value="${WP_CLUSTER_NAME}" />
		</propertyeditor>

		<if>
			<equals arg1="${PRIMARY_NODE}" arg2="${NODE_NAME}" />
			<then>
				<propertyeditor file="${PORTAL_CONFIG_FILE}" preview="${PREVIEW_MODE}">
					<setproperty name="ServerName" value="WebSphere_Portal" />
					<setproperty name="PrimaryNode" value="true" />
				</propertyeditor>
				<!-- requires that PrimaryNode be set correctly in wkplc.properties -->
				<antcall target="wp_common_configure_call_portal_config">
					<param name="TASK" value="cluster-node-config-cluster-setup" />
					<param name="SAVE_PARENT" value="true" />
				</antcall>
			</then>
			<else>
				<!-- todo should move to run after addnode for portal -->
				<var name="propStateOK" unset="true" />
				<!--  check  property  state  -->
				<condition property="propStateOK">
					<isset property="POST_FED_SLEEP_TIME" />
				</condition>

				<!-- if not set, set a default -->
				<if>
					<not>
						<equals arg1="${propStateOK}" arg2="true" />
					</not>
					<then>
						<property name="POST_FED_SLEEP_TIME" value="120" />
					</then>
				</if>

				<rafwlog id="CRWWP1016I" resourcebundle="wp">
					<logarg value=" ${POST_FED_SLEEP_TIME}" />
				</rafwlog>
				<sleep seconds="${POST_FED_SLEEP_TIME}" />
				<propertyregex property="firstServerOnNode"
				               input="${WP_SERVERS_ON_NODE}"
				               regexp="([^,]*),?(.*)?"
				               select="\1"
				               override="true" />
				<propertyeditor file="${PORTAL_CONFIG_FILE}" preview="${PREVIEW_MODE}">
					<setproperty name="ServerName" value="${firstServerOnNode}" />
					<setproperty name="PrimaryNode" value="false" />
				</propertyeditor>
				<!-- requires that PrimaryNode be set correctly in wkplc.properties -->
				<antcall target="wp_common_configure_call_portal_config">
					<param name="TASK" value="cluster-node-config-cluster-setup-additional" />
					<param name="SAVE_PARENT" value="true" />
				</antcall>
			</else>
		</if>
	</target>

	<rafwaction name="wp_70_configure_post_cluster_config" unsupportedplatforms="zos" />
	<target depends="was_init"
	        description="Post clustering vertical cluster member creation"
	        name="wp_70_configure_post_cluster_config">

		<antcall target="update_property_file">
			<param name="PROPERTY_FILE"
			       value="${WAS_PROF_HOME}/ConfigEngine/properties/wkplc.properties" />
			<param name="KEY" value="ServerName" />
			<param name="VALUE" value="${PRIMARY_SERVER}" />
		</antcall>

		<for list="${WP_SERVERS_ON_NODE}" param="SERVER">
			<sequential>
				<antcall target="wp_common_configure_call_portal_config">
					<param name="TASK" value="cluster-node-config-vertical-cluster-setup" />
					<param name="ARGS" value="-DServerName=@{SERVER}" />
					<param name="SAVE_PARENT" value="false" />
				</antcall>
			</sequential>
		</for>
		<antcall target="wp_common_configure_update_wpconfig_ports" />
	</target>

	<rafwaction name="wp_70_configure_package_profile_templates" unsupportedplatforms="zos" />
	<target name="wp_70_configure_package_profile_templates"
	        description="Enables and packages profile templates">
		<antcall target="wp_common_configure_call_portal_config">
			<param name="TASK" value="enable-profiles" />
			<param name="SAVE_PARENT" value="false" />
		</antcall>
		<if>
			<not>
				<available file="${WP_HOME}/profileTemplates/default.portal/configArchives/Portal.car" />
			</not>
			<then>
				<rafwlog id="CRWWP1000W" resourcebundle="wp">
					<logarg value="${WP_HOME}/profileTemplates/default.portal/configArchives/Portal.car" />
					<logarg value="enable-profiles" />
				</rafwlog>
			</then>
		</if>
		<antcall target="wp_common_configure_call_portal_config">
			<param name="TASK" value="package-profiles" />
			<param name="SAVE_PARENT" value="false" />
		</antcall>
		<if>
			<not>
				<available file="${WP_HOME}/profileTemplates/profileTemplates.zip" />
			</not>
			<then>
				<rafwfail id="CRWWP1000W" resourcebundle="wp">
					<logarg value="${WP_HOME}/profileTemplates/profileTemplates.zip" />
					<logarg value="package-profiles" />
				</rafwfail>
			</then>
		</if>
	</target>

	<rafwaction name="wp_70_configure_deploy_profile_templates" unsupportedplatforms="zos">
		<option name="sshKeyFile" required="false" />
	</rafwaction>
	<target name="wp_70_configure_deploy_profile_templates"
	        depends="prepare_shell"
	        description="Installs profile templates created using package_profile_templates on to the secondary nodes">

		<mkdir dir="${WP_HOME}/profileTemplates" />
		<source_primary_node_props prefix="source.node" />
		<var name="file" value="${source.node.WP_HOME}/profileTemplates/profileTemplates.zip" />
		<var name="toFile" value="${WP_HOME}/profileTemplates/profileTemplates.zip" />
		<trycatch property="failure">
			<try>
				<copy_file_from_primary_node file="${file}"
				                             tofile="${toFile}"
				                             prefix="source.node" />
				<catch>
					<rafwfail id="CRWWP1001E" resourcebundle="wp">
						<logarg value="${failure}" />
					</rafwfail>
				</catch>
			</try>
		</trycatch>
		<unzip src="${WP_HOME}/profileTemplates/profileTemplates.zip"
		       dest="${WP_HOME}/profileTemplates" />
		<chmod perm="755" type="both">
			<fileset dir="${WP_HOME}/profileTemplates" />
		</chmod>
		<antcall target="execute">
			<param name="WORKING_DIR" value="${WP_HOME}/profileTemplates" />
			<param name="ARGS"
			       value="${WP_HOME}/profileTemplates/installPortalTemplates${SCRIPT_EXT} ${WAS_HOME}" />
		</antcall>
	</target>

	<rafwaction name="wp_70_configure_create_jcr_jms_resources_post_dbxfer"
	            unsupportedplatforms="zos" />
	<target description="Run the create-jcr-jms-resources-post-dbxfer ConfigEngine task"
	        name="wp_70_configure_create_jcr_jms_resources_post_dbxfer">
		<antcall target="wp_common_configure_call_portal_config">
			<param name="TASK" value="create-jcr-jms-resources-post-dbxfer" />
			<param name="SAVE_PARENT" value="true" />
		</antcall>
	</target>

	<rafwaction name="wp_70_configure_stop_all_app_servers_on_node" unsupportedplatforms="zos" />
	<target description="Stop all application servers which may be running on this node."
	        name="wp_70_configure_stop_all_app_servers_on_node"
	        depends="was_common_configure_stop_all_app_servers_on_node">

	</target>

</project>
