<?xml version="1.0" encoding="UTF-8"?><pluginInfo>
  <!-- Do not change the release-version, the build process injects it. -->
  <release-version>6.809844</release-version>

  <release-notes>
    <!--
      The release-note should document the changes, improvements, or bug fixes introduced
      with the new plugin version

      The release-note may contain text

      For example your release note could be:
      Support for was added for version 10.0 for software X

      To add a new release note add this with a description in it of the changes:
      <release-note plugin-version="1">....</release-note>
    -->

    <release-note plugin-version="2">
Initial release of IBM-supported plugin to poll Docker registry for new component versions.
    </release-note>
    <release-note plugin-version="3">
Fix defect 147213: Leaving the "Registry" field blank now points to Docker Hub by default.
    </release-note>
    <release-note plugin-version="4">
Added ICS functionality.
    </release-note>
    <release-note plugin-version="5">
      Fixes APAR PI57417. Plug-in now checks the agent settings for acceptance of self signed certificates.
    </release-note>
    <release-note plugin-version="6">
      Add Amazon ECR support.
    </release-note>
  </release-notes>
</pluginInfo>