<?xml version="1.0" encoding="UTF-8"?>
<!--
- Licensed Materials - Property of IBM Corp.
- IBM UrbanCode Build
- IBM UrbanCode Deploy
- IBM UrbanCode Release
- IBM AnthillPro
- (c) Copyright IBM Corporation 2002, 2016. All Rights Reserved.
-
- U.S. Government Users Restricted Rights - Use, duplication or disclosure restricted by
- GSA ADP Schedule Contract with IBM Corp.
-->
<plugin-upgrade
        xmlns="http://www.urbancode.com/UpgradeXMLSchema_v1"
        xmlns:xsi="http://www.w3.org/2001/XMLSchema-instance">


  <migrate to-version="2">
    <migrate-command name="Send HTTP Call"/>
  </migrate>
  <migrate to-version="3">
    <migrate-command name="Send HTTP Call"/>
  </migrate>
  <migrate to-version="4">
    <migrate-command name="Send HTTP Call"/>
  </migrate>
  <migrate to-version="5">
    <migrate-command name="Upload to FTP Server">
        <migrate-properties>
            <migrate-property name="fileType" default="BINARY"/>
            <migrate-property name="uploadDir" old="uploadFile" default="" />
            <migrate-property name="fileRename" />
        </migrate-properties>
    </migrate-command>
    <migrate-command name="Send HTTP Call"/>
  </migrate>
  <migrate to-version="6">
    <migrate-command name="Send HTTP Call"/>
    <migrate-command name="Upload to FTP Server"/>
  </migrate>
  <migrate to-version="7">
  </migrate>
</plugin-upgrade>
