<?xml version="1.0" encoding="UTF-8"?>

<!-- 
====================================================================== 
Licensed Materials - Property of IBM Corp. 
IBM Rational Automation Framework 
(c) Copyright IBM Corporation 2003, 2012. All Rights Reserved.   

U.S. Government Users Restricted Rights - Use, duplication or disclosure restricted by 
GSA ADP Schedule Contract with IBM Corp. 


File name: configure_was_file_registry_common.xml

This is the configuration build file for file registry targets 
available only for WAS6.1 and WAS7.0, will be imported in 
configure_was61_nd.xml and configure_was70_nd.xml and not in configure_was60_nd
====================================================================== 
-->

<project default="default" basedir=".">
	<description>
		Contains configuration tasks for File Registry
	</description>

	<rafwaction name="was_common_configure_file_registry_users"
	            augmentmode="true"
	            comparemode="true"
	            importmode="true"
	            promotemode="true" />
	<target name="was_common_configure_file_registry_users"
	        description="Manages users in the File Registry"
	        depends="scope_init">
		
		<rafwlog id="CRWWA3061I" resourcebundle="was">
			<logarg value="${MODE}" />
			<logarg value="${CELL_NAME}" />
		</rafwlog>
		<setdatafile resourcefile="fileRegistry" />
		<antcall target="assert_file">
			<param name="FILE" value="${DATA_FILE}" />
		</antcall>
		<cfgcallwsadmin target="was_common_configure_file_registry_users"
		                datamarker="fileRegistryUsers"
		                script="${WAS_COMMON_ND_SCRIPTS}/fileRegistryUsers.py"
		                extraargs="-delete_users" />
	</target>

	<rafwaction name="was_common_configure_file_registry_groups"
	            augmentmode="true"
	            comparemode="true"
	            importmode="true"
	            promotemode="true" />
	<target name="was_common_configure_file_registry_groups"
	        description="Manages groups in the File Registry"
	        depends="scope_init">
		<rafwlog id="CRWWA3061I" resourcebundle="was">
					<logarg value="${MODE}" />
					<logarg value="${CELL_NAME}" />
		</rafwlog>
		<setdatafile resourcefile="fileRegistry" />
		<antcall target="assert_file">
			<param name="FILE" value="${DATA_FILE}" />
		</antcall>
		<cfgcallwsadmin target="was_common_configure_file_registry_groups"
		                datamarker="fileRegistryGroups"
		                script="${WAS_COMMON_ND_SCRIPTS}/fileRegistryGroups.py"
		                extraargs="-delete_groups" />
	</target>

	<target name="configure_file_repository" depends="only_execute,was_init">
		
		<rafwlog id="CRWWA3062I" resourcebundle="was">
			<logarg value="${CELL_NAME}" />
		</rafwlog>
		<property name="CELL_CONFIG_HOME" value="${WAS_PROF_HOME}/config/cells/${CELL_NAME}" />
		<property name="CONFIG_HOME" value="${RAFW_HOME}/configure/was/${WAS_VERSION}/nd" />
		<if>
			<isset property="PREVIEW_MODE" />
			<then>
				
				<rafwlog id="CRWWA3063I" resourcebundle="was">
					<logarg value="${CONFIG_HOME}/fileRegistry.xml" />
				</rafwlog>
				<echo message="${SHELL_SWITCH}  'chown  ${OS_USER}:${OS_GROUP} ${CELL_CONFIG_HOME}/fileRegistry.xml '" />
			</then>
			<else>
				<copy overwrite="true"
				      file="${CONFIG_HOME}/fileRegistry.xml"
				      tofile="${CELL_CONFIG_HOME}/fileRegistry.xml">
					<filterchain>
						<replacetokens>
							<token key="WAS_USERNAME" value="${WAS_USERNAME}" />
							<token key="REALM" value="${ND_HOST_NAME}" />
						</replacetokens>
					</filterchain>
				</copy>
				<if>
					<not>
						<equals arg1="${OS}" arg2="windows" />
					</not>
					<then>
						<exec executable="${EXECUTABLE_SHELL}" failonerror="true">
							<arg line="${SHELL_SWITCH}  'chown  ${OS_USER}:${OS_GROUP} ${CELL_CONFIG_HOME}/fileRegistry.xml '" />
						</exec>
					</then>
				</if>
			</else>
		</if>
	</target>

	<rafwaction name="wp_61_configure_create_default_users_groups"
	            promotemode="true"
	            unsupportedplatforms="zos" />
	<target name="wp_61_configure_create_default_users_groups"
	        depends="promote_source_scope_init,scope_init"
	        description="Creates wpsadmin group in the File Registry">
		
		<rafwlog id="CRWWA3060I" resourcebundle="was">
			<logarg value="${CELL_NAME}" />
		</rafwlog>

		<property name="FILE_REGISTRY_FILE"
		          value="${RAFW_HOME}/user/environments/${ENV_NAME}/cells/${CELL_NAME}/default_wp_users_groups.xml" />
		<antcall target="assert_file">
			<param name="FILE" value="${FILE_REGISTRY_FILE}" />
		</antcall>
		<if>
			<equals arg1="${MODE}" arg2="promote" />
			<then>
				<promote_xml_file filename="default_wp_users_groups.xml"
				                  scopedir="${RAFW_HOME}/user/environments/${ENV_NAME}/cells/${CELL_NAME}"
				                  sourcescopedir="${SOURCE_CELL_HOME}" />
			</then>
			<else>
				<var name="DATA_FILE" unset="true" />
				<var name="DATA_FILE" value="${FILE_REGISTRY_FILE}" />

				<cfgcallwsadmin target="was_common_configure_file_registry_users"
				                datamarker="fileRegistryUsers"
				                script="${WAS_COMMON_ND_SCRIPTS}/fileRegistryUsers.py" />
				<cfgcallwsadmin target="was_common_configure_file_registry_groups"
				                datamarker="fileRegistryGroups"
				                script="${WAS_COMMON_ND_SCRIPTS}/fileRegistryGroups.py" />
			</else>
		</if>
	</target>

</project>
