<?xml version="1.0" encoding="UTF-8"?>

<!-- 
====================================================================== 
Licensed Materials - Property of IBM Corp. 
IBM Rational Automation Framework 
(c) Copyright IBM Corporation 2003, 2012. All Rights Reserved.   

U.S. Government Users Restricted Rights - Use, duplication or disclosure restricted by 
GSA ADP Schedule Contract with IBM Corp. 


File name: configure_was_common_nd.xml

Defines configuration actions that exist at cell level scope
====================================================================== 
-->

<project default="default" basedir=".">
	<description>
		Contains various configuration tasks for WAS 
	</description>

	<property name="WAS_COMMON_ND_SCRIPTS"
	          value="${RAFW_HOME}/product/actions/configure/was/common/nd/scripts" />

	<!-- import custom common library -->
	<import file="${RAFW_HOME}/user/actions/configure/was/common/nd/custom_configure_was_common_nd.xml" />

	<!-- import incubator common library -->
	<import file="${RAFW_HOME}/incubator/actions/configure/was/common/nd/incubator_configure_was_common_nd.xml" />

	<!-- import RAFW library -->
	<import file="${RAFW_HOME}/product/lib/RAFW_lib.xml" />

	<!-- import common library -->
	<import file="${RAFW_HOME}/product/actions/configure/was/common/configure_was_common.xml" />

	<!-- import list actions  -->
	<import file="${RAFW_HOME}/product/actions/configure/was/common/nd/list_targets_common.xml" />

	<rafwaction name="was_common_configure_configuration"
			augmentmode="false"
			comparemode="true"
			importmode="true"
			promotemode="false">
		<option name="scopename" required="false" valuerequired="true" modes="import,compare,execute" />
		<option name="nodename" required="false" valuerequired="true" modes="import,compare,execute" />
		<option name="dataset" required="false" valuerequired="false" modes="execute" />
		<option name="scopefile" required="false" valuerequired="true" modes="execute" />
	</rafwaction>
	<target name="was_common_configure_configuration"
		description="Captures all of the WAS config really fast">
		
		<condition property="WAS_PROFILE_HOME" value="${ND_WAS_PROF_HOME}" else="${BASE_WAS_PROF_HOME}">
			<isset property="ND_WAS_PROF_HOME"/>
		</condition>
		
		<condition property="CELL_NAME" value="${ND_CELL_NAME}" else="${BASE_CELL_NAME}">
			<isset property="ND_CELL_NAME"/>
		</condition>
		
		<condition property="NODE_LIST" value="${BASE_NODE_NAME}" else="${NODES}">
			<isset property="BASE_NODE_NAME"/>
		</condition>
		
		<var name='fqscopefile' value="${RAFW_HOME}/${opt.scopefile}" />
		<available file="${fqscopefile}" property="scopefileavail" />
		<if>
			<and>
				<isset property="opt.scopefile" />
				<isset property="scopefileavail" />
			</and>
			<then>
				<echo message="Using opt.scope option value as list of scopes to process: ${fqscopefile}" />
				<var name="SCOPE_LIST_FILE" value="$${fqscopefile}" />
				<echo message="SCOPE_LIST_FILE = ${SCOPE_LIST_FILE}"/>
			</then>
			<else>
				<if>
					<and>
						<isset property="opt.nodename" />
						<not>
							<isset property="opt.scopename" />
						</not>
					</and>
					<then>
						<echo message="Parameter nodename was set but scopename was not. Ignoring nodename parameter." />
						<var name="opt.nodename" unset="true" />
					</then>
				</if>

				<var name='env.path.cells.dir' value="${RAFW_HOME}/user/environments/${ENV_NAME}/cells/" />
				<property name="scope.Cell" value="${CELL_NAME}" />
				<!-- if opt.scopename is set, then we only want to  -->
				<if>
					<isset property="opt.scopename" />
					<then>
						<if>
							<equals arg1="${CELL_NAME}" arg2="${opt.scopename}" />
							<then>
								<var name="SCOPE_LIST" value="${scope.Cell}" />
							</then>
							<else>
								<var name="SCOPE_LIST" value="" />
							</else>
						</if>
					</then>
					<else>
						<var name="SCOPE_LIST" value="${scope.Cell}" />
					</else>
				</if>

				<if>
					<isset property="IHS_NODES"/>
					<then>
						<for list="${IHS_NODES}" delimiter="," param="ihsnode" trim="true">
							<sequential>
								<if>
									<isset property="opt.scopename" />
									<then>
										<if>
											<equals arg1="@{ihsnode}" arg2="${opt.scopename}" />
											<then>
												<property name="scope.server.@{ihsnode}" value="${scope.Cell}/nodes/@{ihsnode}" />
												<var name="SCOPE_LIST" value="${SCOPE_LIST},${scope.server.@{ihsnode}}" />
											</then>
										</if>
									</then>
									<else>
										<property name="scope.server.@{ihsnode}" value="${scope.Cell}/nodes/@{ihsnode}" />
										<var name="SCOPE_LIST" value="${SCOPE_LIST},${scope.server.@{ihsnode}}" />
									</else>
								</if>
							</sequential>
						</for>
					</then>
				</if>

				<for list="${NODE_LIST}" delimiter="," param="nodename" trim="true">
					<sequential>
						<var name="NODE_NAME" value="@{nodename}"/>
						<property name="scope.node.@{nodename}" value="${scope.Cell}/nodes/@{nodename}" />
						<var name="nodeconfigprops" value="${env.path.cells.dir}${scope.node.@{nodename}}/configure.properties"/>
						<var file="${nodeconfigprops}"/>
						<var name="SERVERS_ON_NODE" value="${SERVERS_ON_NODE}"/>
						
						<if>
							<isset property="opt.scopename" />
							<then>
								<if>
									<equals arg1="@{nodename}" arg2="${opt.scopename}" />
									<then>
										<var name="SCOPE_LIST" value="${SCOPE_LIST},${scope.node.@{nodename}}" />
									</then>
								</if>
							</then>
							<else>
								<var name="SCOPE_LIST" value="${SCOPE_LIST},${scope.node.@{nodename}}" />
							</else>
						</if>
						
						<if>
							<or>
								<not>
									<isset property="CLUSTERS"/>
								</not>
								<equals arg1="${CLUSTERS}" arg2="" />
								<isset property="SERVERS_ON_NODE"/>
							</or>
							<then>
								<for list="${SERVERS_ON_NODE}" delimiter="," param="servername" trim="true">
									<sequential>
										<if>
											<isset property="opt.scopename" />
											<then>
												<if>
													<or>
														<and>
															<not>
																<isset property="opt.nodename" />
															</not>
															<equals arg1="@{servername}" arg2="${opt.scopename}" />
														</and>
														<and>
															<equals arg1="@{servername}" arg2="${opt.scopename}" />
															<equals arg1="@{nodename}" arg2="${opt.nodename}" />
														</and>
													</or>
													<then>
														<property name="scope.server.@{servername}" value="${scope.Cell}/nodes/@{nodename}/servers/@{servername}" />
														<var name="SCOPE_LIST" value="${SCOPE_LIST},${scope.server.@{servername}}" />
													</then>
												</if>
											</then>
											<else>
												<property name="scope.server.@{servername}" value="${scope.Cell}/nodes/@{nodename}/servers/@{servername}" />
												<var name="SCOPE_LIST" value="${SCOPE_LIST},${scope.server.@{servername}}" />
											</else>
										</if>
									</sequential>
								</for>
							</then>
						</if>

						<if>
							<isset property="BASE_SERVERS_ON_NODE"/>
							<then>
								<for list="${BASE_SERVERS_ON_NODE}" delimiter="," param="servername" trim="true">
									<sequential>
										<if>
											<isset property="opt.scopename" />
											<then>
												<if>
													<or>
														<and>
															<equals arg1="@{servername}" arg2="${opt.scopename}" />
															<not>
																<isset property="opt.nodename" />
															</not>
														</and>
														<and>
															<equals arg1="@{servername}" arg2="${opt.scopename}" />
															<equals arg1="@{nodename}" arg2="${opt.nodename}" />
														</and>
													</or>
													<then>
														<property name="scope.server.@{servername}" value="${scope.Cell}/nodes/@{nodename}/servers/@{servername}" />
														<var name="SCOPE_LIST" value="${SCOPE_LIST},${scope.server.@{servername}}" />
													</then>
												</if>
											</then>
											<else>
												<property name="scope.server.@{servername}" value="${scope.Cell}/nodes/@{nodename}/servers/@{servername}" />
												<var name="SCOPE_LIST" value="${SCOPE_LIST},${scope.server.@{servername}}" />
											</else>
										</if>
									</sequential>
								</for>
							</then>
						</if>
					</sequential>
				</for>

				<if>
					<and>
						<isset property="CLUSTERS"/>
						<not>
							<equals arg1="${CLUSTERS}" arg2="" />
						</not>
					</and>			
					<then>
						<for list="${CLUSTERS}" delimiter="," param="clustername" trim="true">
							<sequential>
								<if>
									<isset property="opt.scopename" />
									<then>
										<if>
											<equals arg1="@{clustername}" arg2="${opt.scopename}" />
											<then>
												<property name="scope.cluster.@{clustername}" value="${scope.Cell}/clusters/@{clustername}" />
												<var name="SCOPE_LIST" value="${SCOPE_LIST},${scope.cluster.@{clustername}}" />
											</then>
										</if>
									</then>
									<else>
										<property name="scope.cluster.@{clustername}" value="${scope.Cell}/clusters/@{clustername}" />
										<var name="SCOPE_LIST" value="${SCOPE_LIST},${scope.cluster.@{clustername}}" />
									</else>
								</if>
							</sequential>
						</for>
					</then>
				</if>
						
				<echo message="SCOPE_LIST=${SCOPE_LIST}"/>
				<var name="SCOPE_LIST_FILE" value="${env.path.cells.dir}${scope.Cell}/scopelist.properties" />
				<echo message="SCOPE_LIST_FILE = ${SCOPE_LIST_FILE}"/>
				<delete file="${SCOPE_LIST_FILE}" />
				<propertyfile file="${SCOPE_LIST_FILE}" comment="Comma separated list of scopes for Quick Capture to process">
				  <entry  key="SCOPE_LIST" value="${SCOPE_LIST}"/>
				</propertyfile>
			</else>
		</if>
		
		<if>
			<equals arg1="${MODE}" arg2="execute" />
			<then>
				<var name="QC_SCRIPT_FILE" value="QuickExport.py" />
			</then>
			<else>
				<var name="QC_SCRIPT_FILE" value="QuickCapture.py" />
			</else>
		</if>
		
		<if>
			<isset property="BASE_CELL_NAME" />
			<then>
				<var name="CELL_INSTALL_TYPE" value="BASE" />
			</then>
			<else>
				<var name="CELL_INSTALL_TYPE" value="ND" />
			</else>
		</if>

		<if>
			<and>
				<isset property="opt.dataset" />
				<equals arg1="${opt.dataset}" arg2="skipserver" />
			</and>
			<then>
				<var name="SKIP_SERVER" value="true" />
				<var name="SERVER_ONLY" value="false" />
			</then>
			<elseif>
				<and>
					<isset property="opt.dataset" />
					<equals arg1="${opt.dataset}" arg2="serveronly" />
				</and>
				<then>
					<var name="SKIP_SERVER" value="false" />
					<var name="SERVER_ONLY" value="true" />
				</then>
			</elseif>
			<else>
				<var name="SKIP_SERVER" value="false" />
				<var name="SERVER_ONLY" value="false" />
			</else>
		</if>
		
		<if>
			<equals arg1="${OS}" arg2="windows" />
			<then>
				<propertyregex property="RAFW_HOME_FIXED" input="${RAFW_HOME}" 
						regexp="\\" replace="/" global="true" />
				<propertyregex property="SCOPE_LIST_FILE_FIXED" input="${SCOPE_LIST_FILE}" 
						regexp="\\" replace="/" global="true" />
			</then>
			<else>
				<var name="RAFW_HOME_FIXED" value="${RAFW_HOME}" />
				<var name="SCOPE_LIST_FILE_FIXED" value="${SCOPE_LIST_FILE}" />
			</else>
		</if>
 
		<!-- If this does nove have a WVE install for versions less than 8.5, set the version to 0 to indicate no install -->
		<!-- Include cell properties -->
		<if>
			<not>
				<isset property="WVE_VERSION"/>
			</not>
			<then>
				<var name="WVE_VERSION" value="0" />
			</then>
		</if>
		<antcall target="call_wsadmin_script" inheritall="true">
			<param name="ARGS" value="-scopelist ${SCOPE_LIST_FILE_FIXED} -mode ${MODE} -version ${WAS_VERSION} -wveversion ${WVE_VERSION} -rafhome '${RAFW_HOME_FIXED}' -installtype ${CELL_INSTALL_TYPE} -serveronly ${SERVER_ONLY} -skipserver ${SKIP_SERVER} -environment ${ENV_NAME}" />
			<param name="SCRIPT_NAME" value="${WAS_COMMON_ND_SCRIPTS}/${QC_SCRIPT_FILE}" />
		</antcall> 
	</target>
	
	<!-- 
		commenting out the action code for calling the XML-based quick capture
		we can restore this if we learn from the WAS folks some tricks on going straight
		to the XML.  all of these comments should be removed prior to shipping the release.
	 -->
	<!--target name="was_common_configure_cell"
			description="Captures all of the WAS config really fast">
			
		<condition property="WAS_PROFILE_HOME" 
			value="${ND_WAS_PROF_HOME}" 
			else="${BASE_WAS_PROF_HOME}">
			<isset property="ND_WAS_PROF_HOME"/>
		</condition>
		
		<condition property="CELL_NAME" 
			value="${ND_CELL_NAME}" 
			else="${BASE_CELL_NAME}">
			<isset property="ND_CELL_NAME"/>
		</condition>
		
		<condition property="NODE_LIST" 
			value="${BASE_NODE_NAME}" 
			else="${NODES}">
			<isset property="BASE_NODE_NAME"/>
		</condition>

		<captureconfig 
			profileroot="${WAS_PROFILE_HOME}" 
			environment="${ENV_NAME}" 
			cell="${CELL_NAME}">
			<configtype name="all"/>
		</captureconfig>
		
		<for list="${NODE_LIST}" delimiter="," parallel="true" param="nodename" trim="true">
			<sequential>
			
				<var name="NODE_NAME" value="@{nodename}"/>
				<var name="nodeconfigprops" value="${SERVER_CONFIGURE_PROPERTIES}"/>
				<var name="SERVERS_ON_NODE" value="${SERVERS_ON_NODE}"/>
				<var file="${nodeconfigprops}"/>
				
				<captureconfig 
					profileroot="${WAS_PROFILE_HOME}" 
					environment="${ENV_NAME}" 
					cell="${CELL_NAME}"
					node="@{nodename}">
					<configtype name="all"/>
				</captureconfig>
					
				<for list="${SERVERS_ON_NODE}" delimiter="," parallel="true" param="servername" trim="true">
					<sequential>
						<captureconfig 
							profileroot="${WAS_PROFILE_HOME}" 
							environment="${ENV_NAME}" 
							cell="${CELL_NAME}"
							node="@{nodename}"
							server="@{servername}">
							<configtype name="all"/>
						</captureconfig>
					</sequential>
				</for>
				
			</sequential>
		</for>
		
		<if>
			<isset property="CLUSTERS"/>
			<then>
				<for list="${CLUSTERS}" delimiter="," parallel="true" param="clustername" trim="true">
					<sequential>
						<captureconfig 
							profileroot="${WAS_PROFILE_HOME}" 
							environment="${ENV_NAME}" 
							cell="${CELL_NAME}"
							cluster="@{clustername}">
							<configtype name="all"/>
						</captureconfig>
					</sequential>
				</for>
			</then>
		</if>
	</target-->
	
	
	
	<rafwaction name="was_common_configure_console_members"
	            augmentmode="true"
	            comparemode="true"
	            importmode="true"
	            promotemode="true" />
	<target name="was_common_configure_console_members"
	        depends="scope_init"
	        description="Manages Console Users/Groups for the WAS console">
		
		<rafwlog id="CRWWA4005I" resourcebundle="was">
			<logarg value="${MODE}" />
			<logarg value="${CELL_NAME}" />
		</rafwlog>
		<setdatafile resourcefile="consoleMembers" />
		<antcall target="assert_file">
			<param name="FILE" value="${DATA_FILE}" />
		</antcall>
		<cfgcallwsadmin target="was_common_configure_console_members"
		                datamarker="consoleMembers"
		                script="${WAS_COMMON_ND_SCRIPTS}/consoleMembers.py" />
	</target>

	<rafwaction name="was_common_configure_jaas"
	            augmentmode="true"
	            comparemode="true"
	            importmode="true"
	            promotemode="true" />
	<target name="was_common_configure_jaas" depends="scope_init" description="Manage JAAS entries">
		
		<rafwlog id="CRWWA4006I" resourcebundle="was">
			<logarg value="${MODE}" />
			<logarg value="${CELL_NAME}" />
		</rafwlog>
		<setdatafile resourcefile="jaas" />
		<antcall target="assert_file">
			<param name="FILE" value="${DATA_FILE}" />
		</antcall>
		<cfgcallwsadmin target="was_common_configure_jaas"
		                datamarker="jaas"
		                script="${WAS_COMMON_ND_SCRIPTS}/jaas.py" />
	</target>

	<rafwaction name="was_common_configure_security_all"
	            augmentmode="false"
	            comparemode="true"
	            importmode="true"
	            promotemode="true" />
	<target name="was_common_configure_security_all" description="Configures complete security.">

		<if>
			<equals arg1="${MODE}" arg2="promote" />
			<then>
				<antcall target="was_common_configure_security_global" />
				<antcall target="was_common_configure_security_ssl" />
				<antcall target="was_common_configure_security_sso" />
				<antcall target="was_common_configure_security_tai" />
				<antcall target="was_common_configure_security_local_ur" />
				<antcall target="was_common_configure_security_ldap_ur" />
				<antcall target="was_common_configure_security_custom_ur" />
			</then>
			<else>
				<antcall target="was_common_configure_security_subroutine">
					<param name="ECHO_PREFIX" value="ALL" />
					<param name="CONFIG_TYPE" value="ALL" />
					<param name="TASK_NAME" value="was_common_configure_security_all" />
				</antcall>
			</else>
		</if>
	</target>

	<!-- Global Security sub-routine -->
	<rafwaction name="was_common_configure_security_global"
	            augmentmode="false"
	            comparemode="true"
	            importmode="true"
	            promotemode="true" />
	<target name="was_common_configure_security_global" description="Configures Global Security.">
		<antcall target="was_common_configure_security_subroutine">
			<param name="ECHO_PREFIX" value="GlobalSecurity" />
			<param name="CONFIG_TYPE" value="GlobalSecurity" />
			<param name="TASK_NAME" value="was_common_configure_security_global" />
		</antcall>
	</target>

	<rafwaction name="was_common_configure_security_ssl"
	            augmentmode="true"
	            comparemode="true"
	            importmode="true"
	            promotemode="true" />
	<target name="was_common_configure_security_ssl"
	        description="Configures Security Socket Layer.">
		<antcall target="was_common_configure_security_subroutine">
			<param name="ECHO_PREFIX" value="SSL" />
			<param name="CONFIG_TYPE" value="SSL" />
			<param name="TASK_NAME" value="was_common_configure_security_ssl" />
		</antcall>
	</target>

	<rafwaction name="was_common_configure_security_sso"
	            augmentmode="false"
	            comparemode="true"
	            importmode="true"
	            promotemode="true" />
	<target name="was_common_configure_security_sso" description="Configures Single Sign On.">
		<antcall target="was_common_configure_security_subroutine">
			<param name="ECHO_PREFIX" value="SSO" />
			<param name="CONFIG_TYPE" value="SSO" />
			<param name="TASK_NAME" value="was_common_configure_security_sso" />
		</antcall>
	</target>


	<rafwaction name="was_common_configure_security_tai"
	            augmentmode="true"
	            comparemode="true"
	            importmode="true"
	            promotemode="true" />
	<target name="was_common_configure_security_tai"
	        description="Configures Trust Association and Trust Associaton Interceptor.">
		<antcall target="was_common_configure_security_subroutine">
			<param name="ECHO_PREFIX" value="TAI" />
			<param name="CONFIG_TYPE" value="TAI" />
			<param name="TASK_NAME" value="was_common_configure_security_tai" />
		</antcall>
	</target>

	<rafwaction name="was_common_configure_security_local_ur"
	            augmentmode="false"
	            comparemode="true"
	            importmode="true"
	            promotemode="true" />
	<target name="was_common_configure_security_local_ur"
	        description="Configures Local OS User Registry.">
		<antcall target="was_common_configure_security_subroutine">
			<param name="ECHO_PREFIX" value="LocalOS" />
			<param name="CONFIG_TYPE" value="LocalOS" />
			<param name="TASK_NAME" value="was_common_configure_security_local_ur" />
		</antcall>
	</target>

	<rafwaction name="was_common_configure_security_ldap_ur"
	            augmentmode="false"
	            comparemode="true"
	            importmode="true"
	            promotemode="true" />
	<target name="was_common_configure_security_ldap_ur"
	        description="Configures LDAP User Registry.">
		<antcall target="was_common_configure_security_subroutine">
			<param name="ECHO_PREFIX" value="LDAP" />
			<param name="CONFIG_TYPE" value="LDAP" />
			<param name="TASK_NAME" value="was_common_configure_security_ldap_ur" />
		</antcall>
	</target>

	<rafwaction name="was_common_configure_security_custom_ur"
	            augmentmode="false"
	            comparemode="true"
	            importmode="true"
	            promotemode="true" />
	<target name="was_common_configure_security_custom_ur"
	        description="Configures Custom User Registry.">
		<antcall target="was_common_configure_security_subroutine">
			<param name="ECHO_PREFIX" value="CustomReg" />
			<param name="CONFIG_TYPE" value="CustomReg" />
			<param name="TASK_NAME" value="was_common_configure_security_custom_ur" />
		</antcall>
	</target>

	<!-- If users request support for app and system login, uncomment these
	     2 actions and provide help and samples 
	<target name="was_common_configure_security_app_login_config"
	        description="Configures Application Logins">
		<antcall target="was_common_configure_security_subroutine">
			<param name="ECHO_PREFIX" value="applicationLoginConfig" />
			<param name="CONFIG_TYPE" value="SECURITY.applicationLoginConfig" />
			<param name="TASK_NAME" value="was_common_configure_security_app_login_config" />
		</antcall>
	</target>
	
	<target name="was_common_configure_security_system_login_config"
	        description="Configures System Logins">
		<antcall target="was_common_configure_security_subroutine">
			<param name="ECHO_PREFIX" value="systemLoginConfig" />
			<param name="CONFIG_TYPE" value="SECURITY.systemLoginConfig" />
			<param name="TASK_NAME" value="was_common_configure_security_system_login_config" />
		</antcall>
	</target>
	-->

	<!-- Global Security sub-routine -->
	<target name="was_common_configure_security_subroutine" depends="scope_init">

		<setdatafile resourcefile="security" />
		<antcall target="assert_file">
			<param name="FILE" value="${DATA_FILE}" />
		</antcall>

		<rafwlog id="CRWWA4007I" resourcebundle="was">
			<logarg value="${MODE}" />
			<logarg value="${ECHO_PREFIX}" />
		</rafwlog>
		<cfgcallwsadmin target="${TASK_NAME}"
		                datamarker="${CONFIG_TYPE}"
		                script="${WAS_COMMON_ND_SCRIPTS}/Security.py"
		                extraargs="-version ${WAS_VERSION} -config_type ${CONFIG_TYPE}" />
		<!--
			<antcall target="was_common_configure_stop_dmgr" />
			<antcall target="was_common_configure_start_dmgr" />
		-->
	</target>

	<target name="was_common_configure_reset_admin_password"
	        depends="only_execute,was_init,jython_jacl_init,java_init"
	        description="Resets the admin password">
		<property name="WSADMIN" value="wsadmin${SCRIPT_EXT}" />
		<property name="ARGS" value="-properties ${CELL_PROPERTIES}" />
		<property name="SCRIPT_NAME" value="${WAS_COMMON_ND_SCRIPTS}/resetAdminPassword.py" />

		<antcall target="execute">
			<param name="EXECUTABLE" value="${WAS_PROF_HOME}/bin/${WSADMIN}" />
			<param name="ARGS"
			       value="-conntype NONE  ${WSADMIN_CP} ${PROFILE} -f ${SCRIPT_NAME} ${ARGS}" />
		</antcall>
	</target>

	<target name="was_common_configure_security_add_certificate_to_truststore"
	        depends="only_execute,scope_init"
	        description="Security initialization - add a signer certificate to a keystore">
		<antcall target="call_wsadmin">
			<param name="TASK"
			       value="was_common_configure_security_add_certificate_to_truststore" />
			<param name="LANG" value="jython" />
			<param name="SCRIPT_NAME"
			       value="${RAFW_HOME}/product/actions/configure/was/common/scripts/signerCertificates.py" />
			<param name="ARGS"
			       value="-scope ${SCOPE} -scopename ${SCOPE_NAME} -cellName ${CELL_NAME} -nodeName ${NODE_NAME} -action ADD_CERTIFICATE -properties ${SCOPE_HOME}/configure_local.properties" />
		</antcall>
	</target>

	<rafwaction name="was_common_configure_security_jaas_app_login"
	            augmentmode="true"
	            comparemode="true"
	            importmode="true"
	            promotemode="true" />
	<target name="was_common_configure_security_jaas_app_login"
	        depends="scope_init"
	        description="Manages security - JAAS Application Login configuration">

		<setdatafile resourcefile="appLogins" />
		<antcall target="assert_file">
			<param name="FILE" value="${DATA_FILE}" />
		</antcall>
		<cfgcallwsadmin target="was_common_configure_security_jaas_app_login"
		                datamarker="applicationLoginConfiguration"
		                script="${RAFW_HOME}/product/actions/configure/was/common/nd/scripts/jaasSysAndAppLogins.py"
		                extraargs="-logintype application" />
	</target>

	<rafwaction name="was_common_configure_security_jaas_sys_login"
	            augmentmode="true"
	            comparemode="true"
	            importmode="true"
	            promotemode="true" />
	<target name="was_common_configure_security_jaas_sys_login"
	        depends="scope_init"
	        description="Manages security - JAAS System Login configuration">

		<setdatafile resourcefile="appLogins" />
		<antcall target="assert_file">
			<param name="FILE" value="${DATA_FILE}" />
		</antcall>
		<cfgcallwsadmin target="was_common_configure_security_jaas_sys_login"
		                datamarker="systemLoginConfiguration"
		                script="${RAFW_HOME}/product/actions/configure/was/common/nd/scripts/jaasSysAndAppLogins.py"
		                extraargs="-logintype system" />
	</target>


	<rafwaction name="was_common_configure_security_csiv2_inbound"
	            augmentmode="true"
	            comparemode="true"
	            importmode="true"
	            promotemode="true" />
	<target name="was_common_configure_security_csiv2_inbound"
	        depends="scope_init"
	        description="Manages CSIV2 inbound security configuration">
		<setdatafile resourcefile="rmiSecurity" />
		<antcall target="assert_file">
			<param name="FILE" value="${DATA_FILE}" />
		</antcall>
		<cfgcallwsadmin target="was_common_configure_security_csiv2_inbound"
		                datamarker="inboundCSIV2"
		                script="${WAS_COMMON_SCRIPTS}/csiv2Security.py"
		                extraargs="-direction inbound" />

	</target>

	<rafwaction name="was_common_configure_security_csiv2_outbound"
	            augmentmode="true"
	            comparemode="true"
	            importmode="true"
	            promotemode="true" />
	<target name="was_common_configure_security_csiv2_outbound"
	        depends="scope_init"
	        description="Manages CSIV2 outbound security configuration">
		<setdatafile resourcefile="rmiSecurity" />
		<antcall target="assert_file">
			<param name="FILE" value="${DATA_FILE}" />
		</antcall>
		<cfgcallwsadmin target="was_common_configure_security_csiv2_outbound"
		                datamarker="outboundCSIV2"
		                script="${WAS_COMMON_SCRIPTS}/csiv2Security.py"
		                extraargs="-direction outbound" />
	</target>

	<!--<rafwaction name="was_common_configure_sibus_mq_links" />-->
	<target name="was_common_configure_sibus_mq_links" depends="scope_init">
		<echo message="------------------------------------------------------------------------------------------------------------------" />
		<rafwlog id="CRWWA3045I" resourcebundle="was">
			<logarg value="${ACTION}" />
		</rafwlog>
		<echo message="------------------------------------------------------------------------------------------------------------------" />				
		<for list="${SCOPE_NAME}" param="NAME">
			<sequential>
				<antcall target="was_common_modify_existing_sibus">
					<param name="ACTION" value="mqLinks" />
				</antcall>
			</sequential>
		</for>
	</target>

	<!--<rafwaction name="was_common_configure_sibus_sib_links" />-->
	<target name="was_common_configure_sibus_sib_links" depends="scope_init">
		<echo message="------------------------------------------------------------------------------------------------------------------" />
		<rafwlog id="CRWWA3045I" resourcebundle="was">
					<logarg value="${ACTION}" />
		</rafwlog>
		<echo message="------------------------------------------------------------------------------------------------------------------" />				
		<for list="${SCOPE_NAME}" param="NAME">
			<sequential>
				<antcall target="was_common_modify_existing_sibus">
					<param name="ACTION" value="sibLinks" />
				</antcall>
			</sequential>
		</for>
	</target>

	<target name="was_common_modify_existing_sibus" depends="scope_init">

		<rafwlog id="CRWWA4008I" resourcebundle="was">
			<logarg value="${MODE}" />
			<logarg value="${CELL_NAME}" />
		</rafwlog>
		<antcall target="assert_file">
			<param name="FILE" value="${SCOPE_HOME}/SIBus.xml" />
		</antcall>

		<for list="${SCOPE_NAME}" param="NAME">
			<sequential>
				<antcall target="call_wsadmin">
					<param name="TASK" value="was_common_configure_sibus" />
					<param name="LANG" value="jython" />
					<param name="SCRIPT_NAME"
					       value="${RAFW_HOME}/product/actions/configure/was/common/nd/scripts/siBusModifier.py" />
					<param name="DATA_FILE" value="${SCOPE_HOME}/SIBus.xml" />
					<param name="ARGS"
					       value="-version ${WAS_VERSION} -scope ${SCOPE} -nodename ${NODE_NAME} -scopename @{NAME} -action ${ACTION}" />
				</antcall>
			</sequential>
		</for>
	</target>

	<target name="was_common_configure_generate_virtual_hosts"
	        depends="only_execute"
	        description="Update all the virtual hosts">
		
		<rafwlog id="CRWWA3046I" resourcebundle="was"/>
		<if>
			<isset property="CLUSTERS" />
			<then>
				<for list="${CLUSTERS}" param="CLUSTER">
					<sequential>
						<antcall target="was_common_configure_generate_virtual_host">
							<param name="CLUSTER_NAME" value="@{CLUSTER}" />
						</antcall>
					</sequential>
				</for>
			</then>
			<else>
				<rafwlog id="CRWWA3047I" resourcebundle="was"/>
				<rafwfail id="CRWWA3058E" resourcebundle="was"/>
				
			</else>
		</if>
	</target>

	<target name="was_common_configure_generate_virtual_host" depends="only_execute">
		<if>
			<isset property="CLUSTER_NAME" />
			<then>
				<var name="NODES" unset="true" />
				<property file="${CLUSTERS_HOME}/${CLUSTER_NAME}/cluster.properties" />
				<property name="MIME_FILE" value="${CELL_HOME}/mimes.xml" />
				<assertpropertyset property="CLUSTER_WEB_SERVER_PORTS"
					resourcebundle="was"
					messageid="CRWWA0018E" />
				<if>
					<equals arg1="${CLUSTER_NAME}" arg2="${WP_CLUSTER_NAME}" />
					<then>
						<antcall target="call_wsadmin">
							<param name="TASK" value="was_common_configure_update_virtual_host" />
							<param name="LANG" value="jython" />
							<param name="SCRIPT_NAME"
							       value="${RAFW_HOME}/product/actions/configure/was/common/nd/scripts/updateVHCell.py" />
							<param name="ARGS"
							       value='-mimeFile "${MIME_FILE}" -clustername ${CLUSTER_NAME} -nodes ${NODES} -ports ${CLUSTER_WEB_SERVER_PORTS}  -portal true' />
						</antcall>
					</then>
					<else>
						<antcall target="call_wsadmin">
							<param name="TASK" value="was_common_configure_update_virtual_host" />
							<param name="LANG" value="jython" />
							<param name="SCRIPT_NAME"
							       value="${RAFW_HOME}/product/actions/configure/was/common/nd/scripts/updateVHCell.py" />
							<param name="ARGS"
							       value='-mimeFile "${MIME_FILE}" -clustername ${CLUSTER_NAME} -nodes ${NODES} -ports ${CLUSTER_WEB_SERVER_PORTS} -portal false' />
						</antcall>
					</else>
				</if>
			</then>
			<else>
				<rafwlog id="CRWWA3048I" resourcebundle="was"/>
			</else>
		</if>
	</target>

	<target name="was_common_configure_gen_plugin"
	        description="Generate the http plugin"
	        depends="only_execute, was_init">
		<if>
			<equals arg1="${OS}" arg2="windows" />
			<then>
				<property name="GENPLUGIN" value="GenPluginCfg.bat" />
			</then>
			<else>
				<property name="GENPLUGIN" value="GenPluginCfg.sh" />
			</else>
		</if>
		
		<rafwlog id="CRWWA3049I" resourcebundle="was">
			<logarg value="${CELL_NAME}" />
		</rafwlog>
		<if>
			<isset property="PREVIEW_MODE" />
			<then>
				<echo message="${WAS_PROF_HOME}/bin/${GENPLUGIN}" />
			</then>
			<else>
				<exec executable="${WAS_PROF_HOME}/bin/${GENPLUGIN}" failonerror="true" />
			</else>
		</if>
	</target>
	
	<rafwaction name="was_common_configure_sibus"
	            augmentmode="true"
	            comparemode="true"
	            importmode="true"
	            promotemode="true" />
	<target name="was_common_configure_sibus"
	        depends="scope_init">
		<echo message="--------------------------------------------------------------------------------------------" />
		
		<rafwlog id="CRWWA3050I" resourcebundle="was"/>
		
		<echo message="--------------------------------------------------------------------------------------------" />

		<rafwlog id="CRWWA4009I" resourcebundle="was">
			<logarg value="${MODE}" />
			<logarg value="${CELL_NAME}" />
		</rafwlog>
		<setdatafile resourcefile="SIBus" />
		<antcall target="assert_file">
			<param name="FILE" value="${DATA_FILE}" />
		</antcall>
		<cfgcallwsadmin target="was_common_configure_sibus"
		                datamarker="siBus"
		                script="${WAS_COMMON_ND_SCRIPTS}/siBus.py"
		                extraargs="-version ${WAS_VERSION}" />
	</target>

	<rafwaction name="was_common_configure_create_ssl_certs"
	            augmentmode="false"
	            comparemode="false"
	            importmode="false"
	            promotemode="true" />
	<target name="was_common_configure_create_ssl_certs"
	        depends="scope_init"
	        description="Creates keystores, SSL configuration, and self signed certs in the cell">
		
		<rafwlog id="CRWWA3052I" resourcebundle="was">
			<logarg value="${CELL_NAME}" />
		</rafwlog>
		<setdatafile resourcefile="sslCerts" />
		<antcall target="assert_file">
			<param name="FILE" value="${DATA_FILE}" />
		</antcall>
		<cfgcallwsadmin target="was_common_configure_create_ssl_certs"
		                datamarker="SSLCerts"
		                script="${WAS_COMMON_ND_SCRIPTS}/createSSLCerts.py" />
	</target>

	<target name="was_common_configure_federate_ihs_server"
	        depends="only_execute,was_init,scope_init"
	        description="Federate an IHS server to this node">

		<for list="${IHS_NODES}" param="WEBSERVERNODE">
			<sequential>
				<var file="${CELL_HOME}/nodes/@{WEBSERVERNODE}/install.properties" />
				<var name="SERVER_NODE_ROOT" value="${CELL_HOME}/nodes/@{WEBSERVERNODE}" />
				<antcall target="federate_ihs_server" />
			</sequential>
		</for>
	</target>

	<!-- - - - - - - - - - - - - - - - - - 
          target: was_configure_federate_ihs_server                      
          
          Called by was_common_configure_federate_ihs_server to facilitate
          decoding the IHS Admin Password in a common depends target.
          
          Requires: SERVER_NODE_ROOT, WAS_USERNAME, WAS_PASSWORD
                    WEB_SERVER_DEF_NAME, WAS_PROF_HOME, WAS_HOME
          Optional: AUTH_PASSWORD, ND_PROFILE_NAME, BASE_PROFILE_NAME
         - - - - - - - - - - - - - - - - - -->
	<target name="federate_ihs_server" depends="decode_ihs_password">
		<if>
			<isset property="BASE_PROFILE_NAME" />
			<then>
				<var name="PROFILE_NAME" value="${BASE_PROFILE_NAME}" />
			</then>
			<else>
				<var name="PROFILE_NAME" value="${ND_PROFILE_NAME}" />
			</else>
		</if>
		<var name="EXEC_ARGS"
		     value="-profileName ${PROFILE_NAME} -user ${WAS_USERNAME} -password ${WAS_PASSWORD}" />
		<if>
			<not>
				<or>
					<equals arg1="${AUTH_PASSWORD}" arg2="@AUTH_PASSWORD@" />
					<equals arg1="${AUTH_PASSWORD}" arg2="" />
				</or>
			</not>
			<then>
				<var name="EXEC_ARGS" value="${EXEC_ARGS} -ihsAdminPassword ${AUTH_PASSWORD}" />
			</then>
		</if>
		<if>
			<isset property="PREVIEW_MODE" />
			<then>
				<rafwlog id="CRWWA4009I" resourcebundle="was">
					<logarg value="${SERVER_NODE_ROOT}/bin/configure${WEB_SERVER_DEF_NAME}_${NODE_NAME}${SCRIPT_EXT}" />
					<logarg value="${WAS_HOME}/bin/configure${WEB_SERVER_DEF_NAME}_${NODE_NAME}${SCRIPT_EXT}" />
				</rafwlog>
				<echo message="${WAS_HOME}/bin/configure${WEB_SERVER_DEF_NAME}_${NODE_NAME}${SCRIPT_EXT}" />
				<echo message=" ${EXEC_ARGS}" />
				
			</then>
			<else>
				<rafwlog id="CRWWA4009I" resourcebundle="was">
					<logarg value="${SERVER_NODE_ROOT}/bin/configure${WEB_SERVER_DEF_NAME}_${NODE_NAME}${SCRIPT_EXT}" />
					<logarg value="${WAS_HOME}/bin/configure${WEB_SERVER_DEF_NAME}_${NODE_NAME}${SCRIPT_EXT}" />
				</rafwlog>
				<if>
					<available file="${SERVER_NODE_ROOT}/bin/configure${WEB_SERVER_DEF_NAME}_${NODE_NAME}${SCRIPT_EXT}" />
					<then>
						<copy file="${SERVER_NODE_ROOT}/bin/configure${WEB_SERVER_DEF_NAME}_${NODE_NAME}${SCRIPT_EXT}"
						      tofile="${WAS_HOME}/bin/configure${WEB_SERVER_DEF_NAME}_${NODE_NAME}${SCRIPT_EXT}" />
						<chmod file="${WAS_HOME}/bin/configure${WEB_SERVER_DEF_NAME}_${NODE_NAME}${SCRIPT_EXT}"
						       perm="ug+x" />
						<property name="QUOTED_EXEC" value='"${WAS_HOME}/bin/configure${WEB_SERVER_DEF_NAME}_${NODE_NAME}${SCRIPT_EXT}"' />
						<antcall target="execute">
							<param name="WORKING_DIR" value="${WAS_HOME}/bin" />
							<param name="ARGS" value="${QUOTED_EXEC} ${EXEC_ARGS}" />
							<!-- param name="ARGS" value="${EXEC_ARGS}" /-->
						</antcall>
					</then>
					<else>
						
					
						<rafwlog id="CRWWA3053W" resourcebundle="was"/>
						
						<rafwfail id="CRWWA3059E" resourcebundle="was"/>
					</else>
				</if>
			</else>
		</if>
	</target>

	<rafwaction name="was_common_configure_web_server"
	            augmentmode="false"
	            comparemode="true"
	            importmode="true"
	            promotemode="true" />
	<target name="was_common_configure_web_server"
	        description="Manages the Overall Properties of a WebServer">
		<antcall target="was_common_configure_manage_web_server_config_type">
			<param name="ECHO_PREFIX" value="Web Server" />
			<param name="CONFIG_TYPE" value="WebServer" />
			<param name="TASK_NAME" value="was_common_configure_web_server" />
		</antcall>
	</target>

	<!-- common targets define their web server config types  -->
	<target name="was_common_configure_manage_web_server_config_type">

		<rafwlog id="CRWWA4010I" resourcebundle="was">
				<logarg value="${MODE}" />
				<logarg value="${ECHO_PREFIX}" />
		</rafwlog>
		<property name="SCOPE_HOME" value="${CELL_HOME}" />
		<setdatafile resourcefile="web_servers" />
		<antcall target="assert_file">
			<param name="FILE" value="${DATA_FILE}" />
		</antcall>
		<cfgcallwsadmin target="${TASK_NAME}"
		                datamarker="WebServer"
		                script="${WAS_COMMON_SCRIPTS}/manageWebServer.py"
		                extraargs="-config_type ${CONFIG_TYPE}" />
	</target>

	<rafwaction name="was_common_configure_vhosts"
	            augmentmode="true"
	            comparemode="true"
	            importmode="true"
	            promotemode="true" />
	<target depends="scope_init" description="Manages vhosts" name="was_common_configure_vhosts">

		<rafwlog id="CRWWA4011I" resourcebundle="was">
			<logarg value="${MODE}" />
			<logarg value="${SCOPE_NAME}" />
		</rafwlog>
		<setdatafile resourcefile="vhosts" />
		<antcall target="assert_file">
			<param name="FILE" value="${DATA_FILE}" />
		</antcall>
		<cfgcallwsadmin target="was_common_configure_vhosts"
		                datamarker="vhosts"
		                script="${WAS_COMMON_ND_SCRIPTS}/vhosts.py" />
	</target>
	
	<rafwaction name="was_common_configure_pmi_request_metrics"
	            comparemode="true"
	            importmode="true"
	            augmentmode="false"
	            promotemode="true">
		<inherit name="lr_wsadmin" />
	</rafwaction>
	<target name="was_common_configure_pmi_request_metrics"
	        description="Manages PMI Request Metrics"
	        depends="scope_init">
		<rafwlog id="CRWWA3044I" resourcebundle="was">
			<logarg value="${MODE}" />
			<logarg value="${SCOPE}" />
			<logarg value="${SCOPE_NAME}" />
		</rafwlog>
		<setdatafile resourcefile="pmi" />
		<antcall target="assert_file">
			<param name="FILE" value="${DATA_FILE}" />
		</antcall>
		<cfgwsadmincmd target="was_common_configure_pmi_request_metrics"
		               datamarker="PMIRequestMetrics"
		               typenames="'PMIRequestMetrics'" />
	</target>


</project>