<?xml version="1.0" encoding="UTF-8" standalone="no"?>
<!--
- Licensed Materials - Property of IBM* and/or HCL**
- IBM UrbanCode Deploy
- (c) Copyright IBM Corporation 2011, 2014. All Rights Reserved.
- (c) Copyright HCL Technologies Ltd. 2018. All Rights Reserved.
-
- U.S. Government Users Restricted Rights - Use, duplication or disclosure restricted by
- GSA ADP Schedule Contract with IBM Corp.
-
- * Trademark of International Business Machines
- ** Trademark of HCL Technologies Limited
--><pluginInfo xmlns="http://www.urbancode.com/InfoXMLSchema_v1" xmlns:server="http://www.urbancode.com/PluginServerXMLSchema_v1" xmlns:xsi="http://www.w3.org/2001/XMLSchema-instance">
  <!--

  **author name IS required**

  The Author Section is used to give credit to the author of the plugin.
  Name is the only required element/attribute, but feel free to also include your email,
  website  or bio to allow users of your plugin to praise your work, ask questions
  or share their use case to help grow your plugin's functionality.
  -->

  <author name="IBM UrbanCode">
    <organization>IBM UrbanCode</organization>
    <email>ucplugin@us.ibm.com</email>
    <website>https://www.ibmdw.net/urbancode/plugins/</website>
    <bio/>
  </author>

  <!--

  The plugin performs deploy tasks by calling zOSMF
  -->

  <integration type="Automation"/>


  <!--
  **source is NOT required**

  The source section identifies the location of the plugin source code
  For example
  https://github.com/...
  -->
  <!--
  <source url=""/>
  -->
  <!--
  **license type is NOT required**

  If your plugin uses any licensed software please acknowledge it by
  listing the license type below
  -->
  <!--
  <licenses>
    <license type=""/>
  </licenses>
  -->
  <!--
  **tool-description IS required**

  The tool-description section is used to summarize the software
  the plugin was created to integrate with.

  For example:
  Apache Ant is a software tool to automate software processes during the build or
  deployment of an application. Ant uses an propitiatory XML file to define build
  and/or deployment steps(referred to as targets by ant) . The Ant executable is
  called to execute the targets in the build.xml.
  -->

  <tool-description>  The zOSMF plug-in performs deploy tasks by calling zOSMF </tool-description>

  <!--
  **related-info is NOT required**

  The releated-info section is used to define links which may be useful to users of the plugin
  but don't fall into the release-notes or tool-description section.

  For example: releated-info can be links to pdf documentation, help videos related to plugin setup or the product's
  website.

  excepted values for type include: PDF, WEBSITE, VIDEO
  -->
  <!--
  <related-info>
    <link title="" type="" description="" url =""/>
  </related-info>
  -->
  <!--
  **meta-html in NOT required**

  The meta-html section is used define the meta description and the meta keywords of the plugin page.The meta
  description tag allows you to influence the description of your page in the web crawlers that support the
  tag The meta keywords tag allows   you to provide additional text for crawler-based search engines to index
  along with your body copy.

  If multiple keywords are used they must be comma(,) delimited
  -->

  <meta-html>
    <meta content="" name="description"/>
    <meta content="zosmf, workflow, deploy, rest, discover, cloud, provision" name="keywords"/>
  </meta-html>

  <!-- Do not change the release-version, the build process injects it. -->
  <release-version>14.1041082</release-version>

  <release-notes>
    <!--
      **release-note IS required**

      The plugin-version name must match the plugin version found in the plugin.xml file

      The release-note should document the changes, improvements, or bug fixes introduced
      with the new plugin version

      The release-note may contain text or reference a file in the plugin zip package

      For example your release note could be:
      Support for was added for version 10.0 for software X
      or
      releaseNotes/release1.html (where release1.html contains html formatted version information)
      -->
    <release-note plugin-version="1">
      Initial release of the plug-in with steps to create and start zOSMF workflows.
    </release-note>
    <release-note plugin-version="2">
      Unknown.
    </release-note>
    <release-note plugin-version="3">
      Updated libraries.
    </release-note>
    <release-note plugin-version="4">
       Fixed a problem in Start Workflow step that Perform Subsequent parameter does not work. 
       Fixed a problem in Start Workflow step that partially completed workflow gives a step failure. 
       Enhanced Start Workflow step to display job logs. 
    </release-note>
    <release-note plugin-version="5">
       Enhanced Start Workflow step to store job logs to output properties. 
    </release-note>
    <release-note plugin-version="6">
       Added zOSMF discovery feature. The plug-in is now able to discover software instances 
       provisioned by zOSMF Cloud Provisioning or zOS Provisioning Toolkit. A set of resources 
       representing the software instances are automatically created as the result of the 
       discovery. 
       Add a new step to Run Published Software Service Template. 
    </release-note>
    <release-note plugin-version="6">
       Added zOSMF discovery feature. The plug-in is now able to discover software instances 
       provisioned by zOSMF Cloud Provisioning or zOS Provisioning Toolkit. A set of resources 
       representing the software instances are automatically created as the result of the 
       discovery. 
       Added a new step to Run Published Software Service Template. 
    </release-note>
    <release-note plugin-version="7">
       Updated description text for multiple steps. 
       Fixed a problem that discovery fail when calling info service.
	</release-note>    
    <release-note plugin-version="8">
        Fixed Create Workflow and Start Workflow steps to support z/OS 2.3 by adding the X-CSRF-ZOSMF-HEADER HTTP header
		PH06366 - Fixed Urban Code Deploy ZOS MF Plugin doesn't hide passwords when the user inputs it in the process design page
    </release-note>   
    <release-note plugin-version="9">
        PH06366 - Fixed Urban Code Deploy ZOS MF Plugin doesn't hide passwords when the user inputs it in the process design page
    </release-note>	
	<release-note plugin-version="10">
        PH08702 - Fixed Urban Code Deploy ZOS MF Plugin jobStatement parameter be added to the Create workflow step
    </release-note>	
    <release-note plugin-version="11">
        Fixing CVE:CVE-2019-4233
    </release-note>
	<release-note plugin-version="12">
        PH14380 - Fixed the issue with X-CSRF-ZOSMF-HEADER HTTP header in Start workflow step
    </release-note>
    <release-note plugin-version="13">
        Fixed the issue with variables field in Create Workflow step. It was not getting passed to zOSMF REST API in correct format, hence this parameter was getting ignored. 
    </release-note>
    <release-note plugin-version="14">
        Added capability to accept z/OSMF client certificates instead of userid and password
    </release-note>
  </release-notes>
</pluginInfo>
