<?xml version="1.0" encoding="UTF-8"?><snippets>
    <category filters="*" id="/ResourceAdapters/RAFW_J2CResourceAdapters/J2CResourceAdapter" initial_state="0" label="/ResourceAdapters/RAFW_J2CResourceAdapters/J2CResourceAdapter" largeicon="" smallicon="">
        <description/>
        <item category="/ResourceAdapters/RAFW_J2CResourceAdapters/J2CResourceAdapter" class="" editorclass="" id="item_1301925983252" label="sib" largeicon="" smallicon="">
            <description><![CDATA[sib]]></description>
            <content><![CDATA[	<J2CResourceAdapter]]>&#13;<![CDATA[
		archivePath="${WAS_INSTALL_ROOT}/installedConnectors/sib.api.jmsra.rar"]]>&#13;<![CDATA[
		classpath="${WAS_INSTALL_ROOT}/installedConnectors/sib.api.jmsra.rar"]]>&#13;<![CDATA[
		description="Default messaging provider"]]>&#13;<![CDATA[
		hACapability="RA_NO_HA"]]>&#13;<![CDATA[
		isEnableHASupport="false"]]>&#13;<![CDATA[
		isolatedClassLoader="false"]]>&#13;<![CDATA[
		j2cActivationSpec=""]]>&#13;<![CDATA[
		j2cAdminObjects=""]]>&#13;<![CDATA[
		jaasLoginConfiguration=""]]>&#13;<![CDATA[
		name="SIB JMS Resource Adapter"]]>&#13;<![CDATA[
		nativepath=""]]>&#13;<![CDATA[
		properties=""]]>&#13;<![CDATA[
		singleton="false"]]>&#13;<![CDATA[
		threadPoolAlias="SIBJMSRAThreadPool"]]>&#13;<![CDATA[
	>]]>&#13;<![CDATA[
		<ActivationSpecTemplateProps]]>&#13;<![CDATA[
			WASKey="activationSpecTemplateProps"]]>&#13;<![CDATA[
		>]]>&#13;<![CDATA[
			<ActivationSpec]]>&#13;<![CDATA[
				RAFW_TYPE="reference"]]>&#13;<![CDATA[
				WASKey="activationSpec"]]>&#13;<![CDATA[
				activationSpecClass="com.ibm.ws.sib.api.jmsra.impl.JmsJcaActivationSpecImpl"]]>&#13;<![CDATA[
			>]]>&#13;<![CDATA[
			</ActivationSpec>]]>&#13;<![CDATA[
			<J2EEResourceProperty]]>&#13;<![CDATA[
				WASKey="resourceProperties"]]>&#13;<![CDATA[
				name="acknowledgeMode"]]>&#13;<![CDATA[
				required="false"]]>&#13;<![CDATA[
				type="java.lang.String"]]>&#13;<![CDATA[
				value="Auto-acknowledge"]]>&#13;<![CDATA[
			>]]>&#13;<![CDATA[
			</J2EEResourceProperty>]]>&#13;<![CDATA[
			<J2EEResourceProperty]]>&#13;<![CDATA[
				WASKey="resourceProperties"]]>&#13;<![CDATA[
				name="alwaysActivateAllMDBs"]]>&#13;<![CDATA[
				required="false"]]>&#13;<![CDATA[
				type="java.lang.Boolean"]]>&#13;<![CDATA[
				value="false"]]>&#13;<![CDATA[
			>]]>&#13;<![CDATA[
			</J2EEResourceProperty>]]>&#13;<![CDATA[
			<J2EEResourceProperty]]>&#13;<![CDATA[
				WASKey="resourceProperties"]]>&#13;<![CDATA[
				name="AutoStopSequentialMessageFailure"]]>&#13;<![CDATA[
				required="false"]]>&#13;<![CDATA[
				type="java.lang.Integer"]]>&#13;<![CDATA[
				value="0"]]>&#13;<![CDATA[
			>]]>&#13;<![CDATA[
			</J2EEResourceProperty>]]>&#13;<![CDATA[
			<J2EEResourceProperty]]>&#13;<![CDATA[
				WASKey="resourceProperties"]]>&#13;<![CDATA[
				name="busName"]]>&#13;<![CDATA[
				required="false"]]>&#13;<![CDATA[
				type="java.lang.String"]]>&#13;<![CDATA[
			>]]>&#13;<![CDATA[
			</J2EEResourceProperty>]]>&#13;<![CDATA[
			<J2EEResourceProperty]]>&#13;<![CDATA[
				WASKey="resourceProperties"]]>&#13;<![CDATA[
				name="clientId"]]>&#13;<![CDATA[
				required="false"]]>&#13;<![CDATA[
				type="java.lang.String"]]>&#13;<![CDATA[
			>]]>&#13;<![CDATA[
			</J2EEResourceProperty>]]>&#13;<![CDATA[
			<J2EEResourceProperty]]>&#13;<![CDATA[
				WASKey="resourceProperties"]]>&#13;<![CDATA[
				name="destination"]]>&#13;<![CDATA[
				required="false"]]>&#13;<![CDATA[
				type="javax.jms.Destination"]]>&#13;<![CDATA[
			>]]>&#13;<![CDATA[
			</J2EEResourceProperty>]]>&#13;<![CDATA[
			<J2EEResourceProperty]]>&#13;<![CDATA[
				WASKey="resourceProperties"]]>&#13;<![CDATA[
				name="destinationType"]]>&#13;<![CDATA[
				required="true"]]>&#13;<![CDATA[
				type="java.lang.String"]]>&#13;<![CDATA[
			>]]>&#13;<![CDATA[
			</J2EEResourceProperty>]]>&#13;<![CDATA[
			<J2EEResourceProperty]]>&#13;<![CDATA[
				WASKey="resourceProperties"]]>&#13;<![CDATA[
				name="durableSubscriptionHome"]]>&#13;<![CDATA[
				required="false"]]>&#13;<![CDATA[
				type="java.lang.String"]]>&#13;<![CDATA[
			>]]>&#13;<![CDATA[
			</J2EEResourceProperty>]]>&#13;<![CDATA[
			<J2EEResourceProperty]]>&#13;<![CDATA[
				WASKey="resourceProperties"]]>&#13;<![CDATA[
				name="failingMessageDelay"]]>&#13;<![CDATA[
				required="false"]]>&#13;<![CDATA[
				type="java.lang.Long"]]>&#13;<![CDATA[
				value="0"]]>&#13;<![CDATA[
			>]]>&#13;<![CDATA[
			</J2EEResourceProperty>]]>&#13;<![CDATA[
			<J2EEResourceProperty]]>&#13;<![CDATA[
				WASKey="resourceProperties"]]>&#13;<![CDATA[
				name="maxBatchSize"]]>&#13;<![CDATA[
				required="false"]]>&#13;<![CDATA[
				type="java.lang.Integer"]]>&#13;<![CDATA[
				value="1"]]>&#13;<![CDATA[
			>]]>&#13;<![CDATA[
			</J2EEResourceProperty>]]>&#13;<![CDATA[
			<J2EEResourceProperty]]>&#13;<![CDATA[
				WASKey="resourceProperties"]]>&#13;<![CDATA[
				name="maxConcurrency"]]>&#13;<![CDATA[
				required="false"]]>&#13;<![CDATA[
				type="java.lang.Integer"]]>&#13;<![CDATA[
				value="10"]]>&#13;<![CDATA[
			>]]>&#13;<![CDATA[
			</J2EEResourceProperty>]]>&#13;<![CDATA[
			<J2EEResourceProperty]]>&#13;<![CDATA[
				WASKey="resourceProperties"]]>&#13;<![CDATA[
				name="maxSequentialMessageFailure"]]>&#13;<![CDATA[
				required="false"]]>&#13;<![CDATA[
				type="java.lang.Integer"]]>&#13;<![CDATA[
				value="-1"]]>&#13;<![CDATA[
			>]]>&#13;<![CDATA[
			</J2EEResourceProperty>]]>&#13;<![CDATA[
			<J2EEResourceProperty]]>&#13;<![CDATA[
				WASKey="resourceProperties"]]>&#13;<![CDATA[
				name="messageSelector"]]>&#13;<![CDATA[
				required="false"]]>&#13;<![CDATA[
				type="java.lang.String"]]>&#13;<![CDATA[
			>]]>&#13;<![CDATA[
			</J2EEResourceProperty>]]>&#13;<![CDATA[
			<J2EEResourceProperty]]>&#13;<![CDATA[
				WASKey="resourceProperties"]]>&#13;<![CDATA[
				name="password"]]>&#13;<![CDATA[
				required="false"]]>&#13;<![CDATA[
				type="java.lang.String"]]>&#13;<![CDATA[
			>]]>&#13;<![CDATA[
			</J2EEResourceProperty>]]>&#13;<![CDATA[
			<J2EEResourceProperty]]>&#13;<![CDATA[
				WASKey="resourceProperties"]]>&#13;<![CDATA[
				name="providerEndpoints"]]>&#13;<![CDATA[
				required="false"]]>&#13;<![CDATA[
				type="java.lang.String"]]>&#13;<![CDATA[
			>]]>&#13;<![CDATA[
			</J2EEResourceProperty>]]>&#13;<![CDATA[
			<J2EEResourceProperty]]>&#13;<![CDATA[
				WASKey="resourceProperties"]]>&#13;<![CDATA[
				name="readAhead"]]>&#13;<![CDATA[
				required="false"]]>&#13;<![CDATA[
				type="java.lang.String"]]>&#13;<![CDATA[
				value="Default"]]>&#13;<![CDATA[
			>]]>&#13;<![CDATA[
			</J2EEResourceProperty>]]>&#13;<![CDATA[
			<J2EEResourceProperty]]>&#13;<![CDATA[
				WASKey="resourceProperties"]]>&#13;<![CDATA[
				name="retryInterval"]]>&#13;<![CDATA[
				required="false"]]>&#13;<![CDATA[
				type="java.lang.Integer"]]>&#13;<![CDATA[
				value="30"]]>&#13;<![CDATA[
			>]]>&#13;<![CDATA[
			</J2EEResourceProperty>]]>&#13;<![CDATA[
			<J2EEResourceProperty]]>&#13;<![CDATA[
				WASKey="resourceProperties"]]>&#13;<![CDATA[
				name="shareDataSourceWithCMP"]]>&#13;<![CDATA[
				required="false"]]>&#13;<![CDATA[
				type="java.lang.Boolean"]]>&#13;<![CDATA[
				value="false"]]>&#13;<![CDATA[
			>]]>&#13;<![CDATA[
			</J2EEResourceProperty>]]>&#13;<![CDATA[
			<J2EEResourceProperty]]>&#13;<![CDATA[
				WASKey="resourceProperties"]]>&#13;<![CDATA[
				name="shareDurableSubscriptions"]]>&#13;<![CDATA[
				required="false"]]>&#13;<![CDATA[
				type="java.lang.String"]]>&#13;<![CDATA[
				value="InCluster"]]>&#13;<![CDATA[
			>]]>&#13;<![CDATA[
			</J2EEResourceProperty>]]>&#13;<![CDATA[
			<J2EEResourceProperty]]>&#13;<![CDATA[
				WASKey="resourceProperties"]]>&#13;<![CDATA[
				name="subscriptionDurability"]]>&#13;<![CDATA[
				required="false"]]>&#13;<![CDATA[
				type="java.lang.String"]]>&#13;<![CDATA[
				value="NonDurable"]]>&#13;<![CDATA[
			>]]>&#13;<![CDATA[
			</J2EEResourceProperty>]]>&#13;<![CDATA[
			<J2EEResourceProperty]]>&#13;<![CDATA[
				WASKey="resourceProperties"]]>&#13;<![CDATA[
				name="subscriptionName"]]>&#13;<![CDATA[
				required="false"]]>&#13;<![CDATA[
				type="java.lang.String"]]>&#13;<![CDATA[
			>]]>&#13;<![CDATA[
			</J2EEResourceProperty>]]>&#13;<![CDATA[
			<J2EEResourceProperty]]>&#13;<![CDATA[
				WASKey="resourceProperties"]]>&#13;<![CDATA[
				name="target"]]>&#13;<![CDATA[
				required="false"]]>&#13;<![CDATA[
				type="java.lang.String"]]>&#13;<![CDATA[
			>]]>&#13;<![CDATA[
			</J2EEResourceProperty>]]>&#13;<![CDATA[
			<J2EEResourceProperty]]>&#13;<![CDATA[
				WASKey="resourceProperties"]]>&#13;<![CDATA[
				name="targetSignificance"]]>&#13;<![CDATA[
				required="false"]]>&#13;<![CDATA[
				type="java.lang.String"]]>&#13;<![CDATA[
			>]]>&#13;<![CDATA[
			</J2EEResourceProperty>]]>&#13;<![CDATA[
			<J2EEResourceProperty]]>&#13;<![CDATA[
				WASKey="resourceProperties"]]>&#13;<![CDATA[
				name="targetTransportChain"]]>&#13;<![CDATA[
				required="false"]]>&#13;<![CDATA[
				type="java.lang.String"]]>&#13;<![CDATA[
			>]]>&#13;<![CDATA[
			</J2EEResourceProperty>]]>&#13;<![CDATA[
			<J2EEResourceProperty]]>&#13;<![CDATA[
				WASKey="resourceProperties"]]>&#13;<![CDATA[
				name="targetType"]]>&#13;<![CDATA[
				required="false"]]>&#13;<![CDATA[
				type="java.lang.String"]]>&#13;<![CDATA[
			>]]>&#13;<![CDATA[
			</J2EEResourceProperty>]]>&#13;<![CDATA[
			<J2EEResourceProperty]]>&#13;<![CDATA[
				WASKey="resourceProperties"]]>&#13;<![CDATA[
				name="userName"]]>&#13;<![CDATA[
				required="false"]]>&#13;<![CDATA[
				type="java.lang.String"]]>&#13;<![CDATA[
			>]]>&#13;<![CDATA[
			</J2EEResourceProperty>]]>&#13;<![CDATA[
			<J2EEResourceProperty]]>&#13;<![CDATA[
				WASKey="resourceProperties"]]>&#13;<![CDATA[
				name="ConsumerDoesNotModifyPayloadAfterGet"]]>&#13;<![CDATA[
				required="false"]]>&#13;<![CDATA[
				type="java.lang.String"]]>&#13;<![CDATA[
			>]]>&#13;<![CDATA[
			</J2EEResourceProperty>]]>&#13;<![CDATA[
			<J2EEResourceProperty]]>&#13;<![CDATA[
				WASKey="resourceProperties"]]>&#13;<![CDATA[
				name="ForwarderDoesNotModifyPayloadAfterSet"]]>&#13;<![CDATA[
				required="false"]]>&#13;<![CDATA[
				type="java.lang.String"]]>&#13;<![CDATA[
			>]]>&#13;<![CDATA[
			</J2EEResourceProperty>]]>&#13;<![CDATA[
			<J2EEResourceProperty]]>&#13;<![CDATA[
				WASKey="resourceProperties"]]>&#13;<![CDATA[
				name="useServerSubject"]]>&#13;<![CDATA[
				required="false"]]>&#13;<![CDATA[
				type="java.lang.Boolean"]]>&#13;<![CDATA[
			>]]>&#13;<![CDATA[
			</J2EEResourceProperty>]]>&#13;<![CDATA[
			<J2EEResourcePropertySet]]>&#13;<![CDATA[
				WASKey="complexPropertySet"]]>&#13;<![CDATA[
			>]]>&#13;<![CDATA[
				<J2EEResourceProperty]]>&#13;<![CDATA[
					WASKey="resourceProperties"]]>&#13;<![CDATA[
					name="destination"]]>&#13;<![CDATA[
					required="false"]]>&#13;<![CDATA[
					type="javax.jms.Destination"]]>&#13;<![CDATA[
				>]]>&#13;<![CDATA[
				</J2EEResourceProperty>]]>&#13;<![CDATA[
			</J2EEResourcePropertySet>]]>&#13;<![CDATA[
		</ActivationSpecTemplateProps>]]>&#13;<![CDATA[
		<AdminObjectTemplateProps]]>&#13;<![CDATA[
			WASKey="adminObjectTemplateProps"]]>&#13;<![CDATA[
		>]]>&#13;<![CDATA[
			<AdminObject]]>&#13;<![CDATA[
				RAFW_TYPE="reference"]]>&#13;<![CDATA[
				WASKey="adminObject"]]>&#13;<![CDATA[
				adminObjectClass="com.ibm.ws.sib.api.jms.impl.JmsQueueImpl"]]>&#13;<![CDATA[
				adminObjectInterface="javax.jms.Queue"]]>&#13;<![CDATA[
			>]]>&#13;<![CDATA[
			</AdminObject>]]>&#13;<![CDATA[
			<J2EEResourceProperty]]>&#13;<![CDATA[
				WASKey="properties"]]>&#13;<![CDATA[
				name="BusName"]]>&#13;<![CDATA[
				required="false"]]>&#13;<![CDATA[
				type="java.lang.String"]]>&#13;<![CDATA[
			>]]>&#13;<![CDATA[
			</J2EEResourceProperty>]]>&#13;<![CDATA[
			<J2EEResourceProperty]]>&#13;<![CDATA[
				WASKey="properties"]]>&#13;<![CDATA[
				name="DeliveryMode"]]>&#13;<![CDATA[
				required="false"]]>&#13;<![CDATA[
				type="java.lang.String"]]>&#13;<![CDATA[
				value="Application"]]>&#13;<![CDATA[
			>]]>&#13;<![CDATA[
			</J2EEResourceProperty>]]>&#13;<![CDATA[
			<J2EEResourceProperty]]>&#13;<![CDATA[
				WASKey="properties"]]>&#13;<![CDATA[
				name="forwardRoutingPath"]]>&#13;<![CDATA[
				required="false"]]>&#13;<![CDATA[
				type="java.lang.String"]]>&#13;<![CDATA[
			>]]>&#13;<![CDATA[
			</J2EEResourceProperty>]]>&#13;<![CDATA[
			<J2EEResourceProperty]]>&#13;<![CDATA[
				WASKey="properties"]]>&#13;<![CDATA[
				name="Priority"]]>&#13;<![CDATA[
				required="false"]]>&#13;<![CDATA[
				type="java.lang.Integer"]]>&#13;<![CDATA[
			>]]>&#13;<![CDATA[
			</J2EEResourceProperty>]]>&#13;<![CDATA[
			<J2EEResourceProperty]]>&#13;<![CDATA[
				WASKey="properties"]]>&#13;<![CDATA[
				name="QueueName"]]>&#13;<![CDATA[
				required="false"]]>&#13;<![CDATA[
				type="java.lang.String"]]>&#13;<![CDATA[
			>]]>&#13;<![CDATA[
			</J2EEResourceProperty>]]>&#13;<![CDATA[
			<J2EEResourceProperty]]>&#13;<![CDATA[
				WASKey="properties"]]>&#13;<![CDATA[
				name="ReadAhead"]]>&#13;<![CDATA[
				required="false"]]>&#13;<![CDATA[
				type="java.lang.String"]]>&#13;<![CDATA[
				value="AsConnection"]]>&#13;<![CDATA[
			>]]>&#13;<![CDATA[
			</J2EEResourceProperty>]]>&#13;<![CDATA[
			<J2EEResourceProperty]]>&#13;<![CDATA[
				WASKey="properties"]]>&#13;<![CDATA[
				name="reverseRoutingPath"]]>&#13;<![CDATA[
				required="false"]]>&#13;<![CDATA[
				type="java.lang.String"]]>&#13;<![CDATA[
			>]]>&#13;<![CDATA[
			</J2EEResourceProperty>]]>&#13;<![CDATA[
			<J2EEResourceProperty]]>&#13;<![CDATA[
				WASKey="properties"]]>&#13;<![CDATA[
				name="TimeToLive"]]>&#13;<![CDATA[
				required="false"]]>&#13;<![CDATA[
				type="java.lang.Long"]]>&#13;<![CDATA[
			>]]>&#13;<![CDATA[
			</J2EEResourceProperty>]]>&#13;<![CDATA[
		</AdminObjectTemplateProps>]]>&#13;<![CDATA[
		<AdminObjectTemplateProps]]>&#13;<![CDATA[
			WASKey="adminObjectTemplateProps"]]>&#13;<![CDATA[
		>]]>&#13;<![CDATA[
			<AdminObject]]>&#13;<![CDATA[
				RAFW_TYPE="reference"]]>&#13;<![CDATA[
				WASKey="adminObject"]]>&#13;<![CDATA[
				adminObjectClass="com.ibm.ws.sib.api.jms.impl.JmsTopicImpl"]]>&#13;<![CDATA[
				adminObjectInterface="javax.jms.Topic"]]>&#13;<![CDATA[
			>]]>&#13;<![CDATA[
			</AdminObject>]]>&#13;<![CDATA[
			<J2EEResourceProperty]]>&#13;<![CDATA[
				WASKey="properties"]]>&#13;<![CDATA[
				name="BusName"]]>&#13;<![CDATA[
				required="false"]]>&#13;<![CDATA[
				type="java.lang.String"]]>&#13;<![CDATA[
			>]]>&#13;<![CDATA[
			</J2EEResourceProperty>]]>&#13;<![CDATA[
			<J2EEResourceProperty]]>&#13;<![CDATA[
				WASKey="properties"]]>&#13;<![CDATA[
				name="DeliveryMode"]]>&#13;<![CDATA[
				required="false"]]>&#13;<![CDATA[
				type="java.lang.String"]]>&#13;<![CDATA[
				value="Application"]]>&#13;<![CDATA[
			>]]>&#13;<![CDATA[
			</J2EEResourceProperty>]]>&#13;<![CDATA[
			<J2EEResourceProperty]]>&#13;<![CDATA[
				WASKey="properties"]]>&#13;<![CDATA[
				name="forwardRoutingPath"]]>&#13;<![CDATA[
				required="false"]]>&#13;<![CDATA[
				type="java.lang.String"]]>&#13;<![CDATA[
			>]]>&#13;<![CDATA[
			</J2EEResourceProperty>]]>&#13;<![CDATA[
			<J2EEResourceProperty]]>&#13;<![CDATA[
				WASKey="properties"]]>&#13;<![CDATA[
				name="Priority"]]>&#13;<![CDATA[
				required="false"]]>&#13;<![CDATA[
				type="java.lang.Integer"]]>&#13;<![CDATA[
			>]]>&#13;<![CDATA[
			</J2EEResourceProperty>]]>&#13;<![CDATA[
			<J2EEResourceProperty]]>&#13;<![CDATA[
				WASKey="properties"]]>&#13;<![CDATA[
				name="ReadAhead"]]>&#13;<![CDATA[
				required="false"]]>&#13;<![CDATA[
				type="java.lang.String"]]>&#13;<![CDATA[
				value="AsConnection"]]>&#13;<![CDATA[
			>]]>&#13;<![CDATA[
			</J2EEResourceProperty>]]>&#13;<![CDATA[
			<J2EEResourceProperty]]>&#13;<![CDATA[
				WASKey="properties"]]>&#13;<![CDATA[
				name="reverseRoutingPath"]]>&#13;<![CDATA[
				required="false"]]>&#13;<![CDATA[
				type="java.lang.String"]]>&#13;<![CDATA[
			>]]>&#13;<![CDATA[
			</J2EEResourceProperty>]]>&#13;<![CDATA[
			<J2EEResourceProperty]]>&#13;<![CDATA[
				WASKey="properties"]]>&#13;<![CDATA[
				name="TimeToLive"]]>&#13;<![CDATA[
				required="false"]]>&#13;<![CDATA[
				type="java.lang.Long"]]>&#13;<![CDATA[
			>]]>&#13;<![CDATA[
			</J2EEResourceProperty>]]>&#13;<![CDATA[
			<J2EEResourceProperty]]>&#13;<![CDATA[
				WASKey="properties"]]>&#13;<![CDATA[
				name="TopicName"]]>&#13;<![CDATA[
				required="false"]]>&#13;<![CDATA[
				type="java.lang.String"]]>&#13;<![CDATA[
			>]]>&#13;<![CDATA[
			</J2EEResourceProperty>]]>&#13;<![CDATA[
			<J2EEResourceProperty]]>&#13;<![CDATA[
				WASKey="properties"]]>&#13;<![CDATA[
				name="TopicSpace"]]>&#13;<![CDATA[
				required="false"]]>&#13;<![CDATA[
				type="java.lang.String"]]>&#13;<![CDATA[
				value="Default.Topic.Space"]]>&#13;<![CDATA[
			>]]>&#13;<![CDATA[
			</J2EEResourceProperty>]]>&#13;<![CDATA[
		</AdminObjectTemplateProps>]]>&#13;<![CDATA[
		<ConnectionDefTemplateProps]]>&#13;<![CDATA[
			WASKey="connectionDefTemplateProps"]]>&#13;<![CDATA[
		>]]>&#13;<![CDATA[
			<ConnectionDefinition]]>&#13;<![CDATA[
				RAFW_TYPE="reference"]]>&#13;<![CDATA[
				WASKey="ConnectionDefinition"]]>&#13;<![CDATA[
				connectionFactoryImplClass="com.ibm.ws.sib.api.jms.impl.JmsQueueConnFactoryImpl"]]>&#13;<![CDATA[
				connectionFactoryInterface="javax.jms.QueueConnectionFactory"]]>&#13;<![CDATA[
				connectionImplClass="com.ibm.ws.sib.api.jms.impl.JmsQueueConnectionImpl"]]>&#13;<![CDATA[
				connectionInterface="javax.jms.QueueConnection"]]>&#13;<![CDATA[
				managedConnectionFactoryClass="com.ibm.ws.sib.api.jmsra.impl.JmsJcaManagedQueueConnectionFactoryImpl"]]>&#13;<![CDATA[
			>]]>&#13;<![CDATA[
			</ConnectionDefinition>]]>&#13;<![CDATA[
			<J2EEResourceProperty]]>&#13;<![CDATA[
				WASKey="resourceProperties"]]>&#13;<![CDATA[
				name="BusName"]]>&#13;<![CDATA[
				required="false"]]>&#13;<![CDATA[
				type="java.lang.String"]]>&#13;<![CDATA[
			>]]>&#13;<![CDATA[
			</J2EEResourceProperty>]]>&#13;<![CDATA[
			<J2EEResourceProperty]]>&#13;<![CDATA[
				WASKey="resourceProperties"]]>&#13;<![CDATA[
				name="ClientID"]]>&#13;<![CDATA[
				required="false"]]>&#13;<![CDATA[
				type="java.lang.String"]]>&#13;<![CDATA[
			>]]>&#13;<![CDATA[
			</J2EEResourceProperty>]]>&#13;<![CDATA[
			<J2EEResourceProperty]]>&#13;<![CDATA[
				WASKey="resourceProperties"]]>&#13;<![CDATA[
				name="ConnectionProximity"]]>&#13;<![CDATA[
				required="false"]]>&#13;<![CDATA[
				type="java.lang.String"]]>&#13;<![CDATA[
				value="Bus"]]>&#13;<![CDATA[
			>]]>&#13;<![CDATA[
			</J2EEResourceProperty>]]>&#13;<![CDATA[
			<J2EEResourceProperty]]>&#13;<![CDATA[
				WASKey="resourceProperties"]]>&#13;<![CDATA[
				name="durableSubscriptionHome"]]>&#13;<![CDATA[
				required="false"]]>&#13;<![CDATA[
				type="java.lang.String"]]>&#13;<![CDATA[
			>]]>&#13;<![CDATA[
			</J2EEResourceProperty>]]>&#13;<![CDATA[
			<J2EEResourceProperty]]>&#13;<![CDATA[
				WASKey="resourceProperties"]]>&#13;<![CDATA[
				name="NonPersistentMapping"]]>&#13;<![CDATA[
				required="false"]]>&#13;<![CDATA[
				type="java.lang.String"]]>&#13;<![CDATA[
				value="ExpressNonPersistent"]]>&#13;<![CDATA[
			>]]>&#13;<![CDATA[
			</J2EEResourceProperty>]]>&#13;<![CDATA[
			<J2EEResourceProperty]]>&#13;<![CDATA[
				WASKey="resourceProperties"]]>&#13;<![CDATA[
				name="Password"]]>&#13;<![CDATA[
				required="false"]]>&#13;<![CDATA[
				type="java.lang.String"]]>&#13;<![CDATA[
			>]]>&#13;<![CDATA[
			</J2EEResourceProperty>]]>&#13;<![CDATA[
			<J2EEResourceProperty]]>&#13;<![CDATA[
				WASKey="resourceProperties"]]>&#13;<![CDATA[
				name="PersistentMapping"]]>&#13;<![CDATA[
				required="false"]]>&#13;<![CDATA[
				type="java.lang.String"]]>&#13;<![CDATA[
				value="ReliablePersistent"]]>&#13;<![CDATA[
			>]]>&#13;<![CDATA[
			</J2EEResourceProperty>]]>&#13;<![CDATA[
			<J2EEResourceProperty]]>&#13;<![CDATA[
				WASKey="resourceProperties"]]>&#13;<![CDATA[
				name="ProviderEndpoints"]]>&#13;<![CDATA[
				required="false"]]>&#13;<![CDATA[
				type="java.lang.String"]]>&#13;<![CDATA[
			>]]>&#13;<![CDATA[
			</J2EEResourceProperty>]]>&#13;<![CDATA[
			<J2EEResourceProperty]]>&#13;<![CDATA[
				WASKey="resourceProperties"]]>&#13;<![CDATA[
				name="ReadAhead"]]>&#13;<![CDATA[
				required="false"]]>&#13;<![CDATA[
				type="java.lang.String"]]>&#13;<![CDATA[
				value="Default"]]>&#13;<![CDATA[
			>]]>&#13;<![CDATA[
			</J2EEResourceProperty>]]>&#13;<![CDATA[
			<J2EEResourceProperty]]>&#13;<![CDATA[
				WASKey="resourceProperties"]]>&#13;<![CDATA[
				name="RemoteProtocol"]]>&#13;<![CDATA[
				required="false"]]>&#13;<![CDATA[
				type="java.lang.String"]]>&#13;<![CDATA[
			>]]>&#13;<![CDATA[
			</J2EEResourceProperty>]]>&#13;<![CDATA[
			<J2EEResourceProperty]]>&#13;<![CDATA[
				WASKey="resourceProperties"]]>&#13;<![CDATA[
				name="TargetTransportChain"]]>&#13;<![CDATA[
				required="false"]]>&#13;<![CDATA[
				type="java.lang.String"]]>&#13;<![CDATA[
			>]]>&#13;<![CDATA[
			</J2EEResourceProperty>]]>&#13;<![CDATA[
			<J2EEResourceProperty]]>&#13;<![CDATA[
				WASKey="resourceProperties"]]>&#13;<![CDATA[
				name="ShareDataSourceWithCMP"]]>&#13;<![CDATA[
				required="false"]]>&#13;<![CDATA[
				type="java.lang.Boolean"]]>&#13;<![CDATA[
				value="false"]]>&#13;<![CDATA[
			>]]>&#13;<![CDATA[
			</J2EEResourceProperty>]]>&#13;<![CDATA[
			<J2EEResourceProperty]]>&#13;<![CDATA[
				WASKey="resourceProperties"]]>&#13;<![CDATA[
				name="shareDurableSubscriptions"]]>&#13;<![CDATA[
				required="false"]]>&#13;<![CDATA[
				type="java.lang.String"]]>&#13;<![CDATA[
				value="AsCluster"]]>&#13;<![CDATA[
			>]]>&#13;<![CDATA[
			</J2EEResourceProperty>]]>&#13;<![CDATA[
			<J2EEResourceProperty]]>&#13;<![CDATA[
				WASKey="resourceProperties"]]>&#13;<![CDATA[
				name="Target"]]>&#13;<![CDATA[
				required="false"]]>&#13;<![CDATA[
				type="java.lang.String"]]>&#13;<![CDATA[
			>]]>&#13;<![CDATA[
			</J2EEResourceProperty>]]>&#13;<![CDATA[
			<J2EEResourceProperty]]>&#13;<![CDATA[
				WASKey="resourceProperties"]]>&#13;<![CDATA[
				name="TargetSignificance"]]>&#13;<![CDATA[
				required="false"]]>&#13;<![CDATA[
				type="java.lang.String"]]>&#13;<![CDATA[
				value="Preferred"]]>&#13;<![CDATA[
			>]]>&#13;<![CDATA[
			</J2EEResourceProperty>]]>&#13;<![CDATA[
			<J2EEResourceProperty]]>&#13;<![CDATA[
				WASKey="resourceProperties"]]>&#13;<![CDATA[
				name="TargetType"]]>&#13;<![CDATA[
				required="false"]]>&#13;<![CDATA[
				type="java.lang.String"]]>&#13;<![CDATA[
				value="BusMember"]]>&#13;<![CDATA[
			>]]>&#13;<![CDATA[
			</J2EEResourceProperty>]]>&#13;<![CDATA[
			<J2EEResourceProperty]]>&#13;<![CDATA[
				WASKey="resourceProperties"]]>&#13;<![CDATA[
				name="TemporaryQueueNamePrefix"]]>&#13;<![CDATA[
				required="false"]]>&#13;<![CDATA[
				type="java.lang.String"]]>&#13;<![CDATA[
			>]]>&#13;<![CDATA[
			</J2EEResourceProperty>]]>&#13;<![CDATA[
			<J2EEResourceProperty]]>&#13;<![CDATA[
				WASKey="resourceProperties"]]>&#13;<![CDATA[
				name="temporaryTopicNamePrefix"]]>&#13;<![CDATA[
				required="false"]]>&#13;<![CDATA[
				type="java.lang.String"]]>&#13;<![CDATA[
			>]]>&#13;<![CDATA[
			</J2EEResourceProperty>]]>&#13;<![CDATA[
			<J2EEResourceProperty]]>&#13;<![CDATA[
				WASKey="resourceProperties"]]>&#13;<![CDATA[
				name="UserName"]]>&#13;<![CDATA[
				required="false"]]>&#13;<![CDATA[
				type="java.lang.String"]]>&#13;<![CDATA[
			>]]>&#13;<![CDATA[
			</J2EEResourceProperty>]]>&#13;<![CDATA[
			<J2EEResourceProperty]]>&#13;<![CDATA[
				WASKey="resourceProperties"]]>&#13;<![CDATA[
				name="ProducerDoesNotModifyPayloadAfterSet"]]>&#13;<![CDATA[
				required="false"]]>&#13;<![CDATA[
				type="java.lang.String"]]>&#13;<![CDATA[
			>]]>&#13;<![CDATA[
			</J2EEResourceProperty>]]>&#13;<![CDATA[
			<J2EEResourceProperty]]>&#13;<![CDATA[
				WASKey="resourceProperties"]]>&#13;<![CDATA[
				name="ConsumerDoesNotModifyPayloadAfterGet"]]>&#13;<![CDATA[
				required="false"]]>&#13;<![CDATA[
				type="java.lang.String"]]>&#13;<![CDATA[
			>]]>&#13;<![CDATA[
			</J2EEResourceProperty>]]>&#13;<![CDATA[
		</ConnectionDefTemplateProps>]]>&#13;<![CDATA[
		<ConnectionDefTemplateProps]]>&#13;<![CDATA[
			WASKey="connectionDefTemplateProps"]]>&#13;<![CDATA[
		>]]>&#13;<![CDATA[
			<ConnectionDefinition]]>&#13;<![CDATA[
				RAFW_TYPE="reference"]]>&#13;<![CDATA[
				WASKey="ConnectionDefinition"]]>&#13;<![CDATA[
				connectionFactoryImplClass="com.ibm.ws.sib.api.jms.impl.JmsTopicConnFactoryImpl"]]>&#13;<![CDATA[
				connectionFactoryInterface="javax.jms.TopicConnectionFactory"]]>&#13;<![CDATA[
				connectionImplClass="com.ibm.ws.sib.api.jms.impl.JmsTopicConnectionImpl"]]>&#13;<![CDATA[
				connectionInterface="javax.jms.TopicConnection"]]>&#13;<![CDATA[
				managedConnectionFactoryClass="com.ibm.ws.sib.api.jmsra.impl.JmsJcaManagedTopicConnectionFactoryImpl"]]>&#13;<![CDATA[
			>]]>&#13;<![CDATA[
			</ConnectionDefinition>]]>&#13;<![CDATA[
			<J2EEResourceProperty]]>&#13;<![CDATA[
				WASKey="resourceProperties"]]>&#13;<![CDATA[
				name="BusName"]]>&#13;<![CDATA[
				required="false"]]>&#13;<![CDATA[
				type="java.lang.String"]]>&#13;<![CDATA[
			>]]>&#13;<![CDATA[
			</J2EEResourceProperty>]]>&#13;<![CDATA[
			<J2EEResourceProperty]]>&#13;<![CDATA[
				WASKey="resourceProperties"]]>&#13;<![CDATA[
				name="ClientID"]]>&#13;<![CDATA[
				required="false"]]>&#13;<![CDATA[
				type="java.lang.String"]]>&#13;<![CDATA[
			>]]>&#13;<![CDATA[
			</J2EEResourceProperty>]]>&#13;<![CDATA[
			<J2EEResourceProperty]]>&#13;<![CDATA[
				WASKey="resourceProperties"]]>&#13;<![CDATA[
				name="ConnectionProximity"]]>&#13;<![CDATA[
				required="false"]]>&#13;<![CDATA[
				type="java.lang.String"]]>&#13;<![CDATA[
				value="Bus"]]>&#13;<![CDATA[
			>]]>&#13;<![CDATA[
			</J2EEResourceProperty>]]>&#13;<![CDATA[
			<J2EEResourceProperty]]>&#13;<![CDATA[
				WASKey="resourceProperties"]]>&#13;<![CDATA[
				name="DurableSubscriptionHome"]]>&#13;<![CDATA[
				required="false"]]>&#13;<![CDATA[
				type="java.lang.String"]]>&#13;<![CDATA[
			>]]>&#13;<![CDATA[
			</J2EEResourceProperty>]]>&#13;<![CDATA[
			<J2EEResourceProperty]]>&#13;<![CDATA[
				WASKey="resourceProperties"]]>&#13;<![CDATA[
				name="NonPersistentMapping"]]>&#13;<![CDATA[
				required="false"]]>&#13;<![CDATA[
				type="java.lang.String"]]>&#13;<![CDATA[
				value="ExpressNonPersistent"]]>&#13;<![CDATA[
			>]]>&#13;<![CDATA[
			</J2EEResourceProperty>]]>&#13;<![CDATA[
			<J2EEResourceProperty]]>&#13;<![CDATA[
				WASKey="resourceProperties"]]>&#13;<![CDATA[
				name="Password"]]>&#13;<![CDATA[
				required="false"]]>&#13;<![CDATA[
				type="java.lang.String"]]>&#13;<![CDATA[
			>]]>&#13;<![CDATA[
			</J2EEResourceProperty>]]>&#13;<![CDATA[
			<J2EEResourceProperty]]>&#13;<![CDATA[
				WASKey="resourceProperties"]]>&#13;<![CDATA[
				name="PersistentMapping"]]>&#13;<![CDATA[
				required="false"]]>&#13;<![CDATA[
				type="java.lang.String"]]>&#13;<![CDATA[
				value="ReliablePersistent"]]>&#13;<![CDATA[
			>]]>&#13;<![CDATA[
			</J2EEResourceProperty>]]>&#13;<![CDATA[
			<J2EEResourceProperty]]>&#13;<![CDATA[
				WASKey="resourceProperties"]]>&#13;<![CDATA[
				name="ProviderEndpoints"]]>&#13;<![CDATA[
				required="false"]]>&#13;<![CDATA[
				type="java.lang.String"]]>&#13;<![CDATA[
			>]]>&#13;<![CDATA[
			</J2EEResourceProperty>]]>&#13;<![CDATA[
			<J2EEResourceProperty]]>&#13;<![CDATA[
				WASKey="resourceProperties"]]>&#13;<![CDATA[
				name="ReadAhead"]]>&#13;<![CDATA[
				required="false"]]>&#13;<![CDATA[
				type="java.lang.String"]]>&#13;<![CDATA[
				value="Default"]]>&#13;<![CDATA[
			>]]>&#13;<![CDATA[
			</J2EEResourceProperty>]]>&#13;<![CDATA[
			<J2EEResourceProperty]]>&#13;<![CDATA[
				WASKey="resourceProperties"]]>&#13;<![CDATA[
				name="RemoteProtocol"]]>&#13;<![CDATA[
				required="false"]]>&#13;<![CDATA[
				type="java.lang.String"]]>&#13;<![CDATA[
			>]]>&#13;<![CDATA[
			</J2EEResourceProperty>]]>&#13;<![CDATA[
			<J2EEResourceProperty]]>&#13;<![CDATA[
				WASKey="resourceProperties"]]>&#13;<![CDATA[
				name="TargetTransportChain"]]>&#13;<![CDATA[
				required="false"]]>&#13;<![CDATA[
				type="java.lang.String"]]>&#13;<![CDATA[
			>]]>&#13;<![CDATA[
			</J2EEResourceProperty>]]>&#13;<![CDATA[
			<J2EEResourceProperty]]>&#13;<![CDATA[
				WASKey="resourceProperties"]]>&#13;<![CDATA[
				name="ShareDataSourceWithCMP"]]>&#13;<![CDATA[
				required="false"]]>&#13;<![CDATA[
				type="java.lang.Boolean"]]>&#13;<![CDATA[
				value="false"]]>&#13;<![CDATA[
			>]]>&#13;<![CDATA[
			</J2EEResourceProperty>]]>&#13;<![CDATA[
			<J2EEResourceProperty]]>&#13;<![CDATA[
				WASKey="resourceProperties"]]>&#13;<![CDATA[
				name="ShareDurableSubscriptions"]]>&#13;<![CDATA[
				required="false"]]>&#13;<![CDATA[
				type="java.lang.String"]]>&#13;<![CDATA[
				value="InCluster"]]>&#13;<![CDATA[
			>]]>&#13;<![CDATA[
			</J2EEResourceProperty>]]>&#13;<![CDATA[
			<J2EEResourceProperty]]>&#13;<![CDATA[
				WASKey="resourceProperties"]]>&#13;<![CDATA[
				name="Target"]]>&#13;<![CDATA[
				required="false"]]>&#13;<![CDATA[
				type="java.lang.String"]]>&#13;<![CDATA[
			>]]>&#13;<![CDATA[
			</J2EEResourceProperty>]]>&#13;<![CDATA[
			<J2EEResourceProperty]]>&#13;<![CDATA[
				WASKey="resourceProperties"]]>&#13;<![CDATA[
				name="TargetSignificance"]]>&#13;<![CDATA[
				required="false"]]>&#13;<![CDATA[
				type="java.lang.String"]]>&#13;<![CDATA[
				value="Preferred"]]>&#13;<![CDATA[
			>]]>&#13;<![CDATA[
			</J2EEResourceProperty>]]>&#13;<![CDATA[
			<J2EEResourceProperty]]>&#13;<![CDATA[
				WASKey="resourceProperties"]]>&#13;<![CDATA[
				name="TargetType"]]>&#13;<![CDATA[
				required="false"]]>&#13;<![CDATA[
				type="java.lang.String"]]>&#13;<![CDATA[
				value="BusMember"]]>&#13;<![CDATA[
			>]]>&#13;<![CDATA[
			</J2EEResourceProperty>]]>&#13;<![CDATA[
			<J2EEResourceProperty]]>&#13;<![CDATA[
				WASKey="resourceProperties"]]>&#13;<![CDATA[
				name="temporaryQueueNamePrefix"]]>&#13;<![CDATA[
				required="false"]]>&#13;<![CDATA[
				type="java.lang.String"]]>&#13;<![CDATA[
			>]]>&#13;<![CDATA[
			</J2EEResourceProperty>]]>&#13;<![CDATA[
			<J2EEResourceProperty]]>&#13;<![CDATA[
				WASKey="resourceProperties"]]>&#13;<![CDATA[
				name="TemporaryTopicNamePrefix"]]>&#13;<![CDATA[
				required="false"]]>&#13;<![CDATA[
				type="java.lang.String"]]>&#13;<![CDATA[
			>]]>&#13;<![CDATA[
			</J2EEResourceProperty>]]>&#13;<![CDATA[
			<J2EEResourceProperty]]>&#13;<![CDATA[
				WASKey="resourceProperties"]]>&#13;<![CDATA[
				name="UserName"]]>&#13;<![CDATA[
				required="false"]]>&#13;<![CDATA[
				type="java.lang.String"]]>&#13;<![CDATA[
			>]]>&#13;<![CDATA[
			</J2EEResourceProperty>]]>&#13;<![CDATA[
			<J2EEResourceProperty]]>&#13;<![CDATA[
				WASKey="resourceProperties"]]>&#13;<![CDATA[
				name="ProducerDoesNotModifyPayloadAfterSet"]]>&#13;<![CDATA[
				required="false"]]>&#13;<![CDATA[
				type="java.lang.String"]]>&#13;<![CDATA[
			>]]>&#13;<![CDATA[
			</J2EEResourceProperty>]]>&#13;<![CDATA[
			<J2EEResourceProperty]]>&#13;<![CDATA[
				WASKey="resourceProperties"]]>&#13;<![CDATA[
				name="ConsumerDoesNotModifyPayloadAfterGet"]]>&#13;<![CDATA[
				required="false"]]>&#13;<![CDATA[
				type="java.lang.String"]]>&#13;<![CDATA[
			>]]>&#13;<![CDATA[
			</J2EEResourceProperty>]]>&#13;<![CDATA[
		</ConnectionDefTemplateProps>]]>&#13;<![CDATA[
		<ConnectionDefTemplateProps]]>&#13;<![CDATA[
			WASKey="connectionDefTemplateProps"]]>&#13;<![CDATA[
		>]]>&#13;<![CDATA[
			<ConnectionDefinition]]>&#13;<![CDATA[
				RAFW_TYPE="reference"]]>&#13;<![CDATA[
				WASKey="ConnectionDefinition"]]>&#13;<![CDATA[
				connectionFactoryImplClass="com.ibm.ws.sib.api.jms.impl.JmsConnFactoryImpl"]]>&#13;<![CDATA[
				connectionFactoryInterface="javax.jms.ConnectionFactory"]]>&#13;<![CDATA[
				connectionImplClass="com.ibm.ws.sib.api.jms.impl.JmsConnectionImpl"]]>&#13;<![CDATA[
				connectionInterface="javax.jms.Connection"]]>&#13;<![CDATA[
				managedConnectionFactoryClass="com.ibm.ws.sib.api.jmsra.impl.JmsJcaManagedConnectionFactoryImpl"]]>&#13;<![CDATA[
			>]]>&#13;<![CDATA[
			</ConnectionDefinition>]]>&#13;<![CDATA[
			<J2EEResourceProperty]]>&#13;<![CDATA[
				WASKey="resourceProperties"]]>&#13;<![CDATA[
				name="BusName"]]>&#13;<![CDATA[
				required="false"]]>&#13;<![CDATA[
				type="java.lang.String"]]>&#13;<![CDATA[
			>]]>&#13;<![CDATA[
			</J2EEResourceProperty>]]>&#13;<![CDATA[
			<J2EEResourceProperty]]>&#13;<![CDATA[
				WASKey="resourceProperties"]]>&#13;<![CDATA[
				name="ClientID"]]>&#13;<![CDATA[
				required="false"]]>&#13;<![CDATA[
				type="java.lang.String"]]>&#13;<![CDATA[
			>]]>&#13;<![CDATA[
			</J2EEResourceProperty>]]>&#13;<![CDATA[
			<J2EEResourceProperty]]>&#13;<![CDATA[
				WASKey="resourceProperties"]]>&#13;<![CDATA[
				name="ConnectionProximity"]]>&#13;<![CDATA[
				required="false"]]>&#13;<![CDATA[
				type="java.lang.String"]]>&#13;<![CDATA[
				value="Bus"]]>&#13;<![CDATA[
			>]]>&#13;<![CDATA[
			</J2EEResourceProperty>]]>&#13;<![CDATA[
			<J2EEResourceProperty]]>&#13;<![CDATA[
				WASKey="resourceProperties"]]>&#13;<![CDATA[
				name="DurableSubscriptionHome"]]>&#13;<![CDATA[
				required="false"]]>&#13;<![CDATA[
				type="java.lang.String"]]>&#13;<![CDATA[
			>]]>&#13;<![CDATA[
			</J2EEResourceProperty>]]>&#13;<![CDATA[
			<J2EEResourceProperty]]>&#13;<![CDATA[
				WASKey="resourceProperties"]]>&#13;<![CDATA[
				name="NonPersistentMapping"]]>&#13;<![CDATA[
				required="false"]]>&#13;<![CDATA[
				type="java.lang.String"]]>&#13;<![CDATA[
				value="ExpressNonPersistent"]]>&#13;<![CDATA[
			>]]>&#13;<![CDATA[
			</J2EEResourceProperty>]]>&#13;<![CDATA[
			<J2EEResourceProperty]]>&#13;<![CDATA[
				WASKey="resourceProperties"]]>&#13;<![CDATA[
				name="Password"]]>&#13;<![CDATA[
				required="false"]]>&#13;<![CDATA[
				type="java.lang.String"]]>&#13;<![CDATA[
			>]]>&#13;<![CDATA[
			</J2EEResourceProperty>]]>&#13;<![CDATA[
			<J2EEResourceProperty]]>&#13;<![CDATA[
				WASKey="resourceProperties"]]>&#13;<![CDATA[
				name="PersistentMapping"]]>&#13;<![CDATA[
				required="false"]]>&#13;<![CDATA[
				type="java.lang.String"]]>&#13;<![CDATA[
				value="ReliablePersistent"]]>&#13;<![CDATA[
			>]]>&#13;<![CDATA[
			</J2EEResourceProperty>]]>&#13;<![CDATA[
			<J2EEResourceProperty]]>&#13;<![CDATA[
				WASKey="resourceProperties"]]>&#13;<![CDATA[
				name="ProviderEndpoints"]]>&#13;<![CDATA[
				required="false"]]>&#13;<![CDATA[
				type="java.lang.String"]]>&#13;<![CDATA[
			>]]>&#13;<![CDATA[
			</J2EEResourceProperty>]]>&#13;<![CDATA[
			<J2EEResourceProperty]]>&#13;<![CDATA[
				WASKey="resourceProperties"]]>&#13;<![CDATA[
				name="ReadAhead"]]>&#13;<![CDATA[
				required="false"]]>&#13;<![CDATA[
				type="java.lang.String"]]>&#13;<![CDATA[
				value="Default"]]>&#13;<![CDATA[
			>]]>&#13;<![CDATA[
			</J2EEResourceProperty>]]>&#13;<![CDATA[
			<J2EEResourceProperty]]>&#13;<![CDATA[
				WASKey="resourceProperties"]]>&#13;<![CDATA[
				name="RemoteProtocol"]]>&#13;<![CDATA[
				required="false"]]>&#13;<![CDATA[
				type="java.lang.String"]]>&#13;<![CDATA[
			>]]>&#13;<![CDATA[
			</J2EEResourceProperty>]]>&#13;<![CDATA[
			<J2EEResourceProperty]]>&#13;<![CDATA[
				WASKey="resourceProperties"]]>&#13;<![CDATA[
				name="TargetTransportChain"]]>&#13;<![CDATA[
				required="false"]]>&#13;<![CDATA[
				type="java.lang.String"]]>&#13;<![CDATA[
			>]]>&#13;<![CDATA[
			</J2EEResourceProperty>]]>&#13;<![CDATA[
			<J2EEResourceProperty]]>&#13;<![CDATA[
				WASKey="resourceProperties"]]>&#13;<![CDATA[
				name="ShareDataSourceWithCMP"]]>&#13;<![CDATA[
				required="false"]]>&#13;<![CDATA[
				type="java.lang.Boolean"]]>&#13;<![CDATA[
				value="false"]]>&#13;<![CDATA[
			>]]>&#13;<![CDATA[
			</J2EEResourceProperty>]]>&#13;<![CDATA[
			<J2EEResourceProperty]]>&#13;<![CDATA[
				WASKey="resourceProperties"]]>&#13;<![CDATA[
				name="ShareDurableSubscriptions"]]>&#13;<![CDATA[
				required="false"]]>&#13;<![CDATA[
				type="java.lang.String"]]>&#13;<![CDATA[
				value="InCluster"]]>&#13;<![CDATA[
			>]]>&#13;<![CDATA[
			</J2EEResourceProperty>]]>&#13;<![CDATA[
			<J2EEResourceProperty]]>&#13;<![CDATA[
				WASKey="resourceProperties"]]>&#13;<![CDATA[
				name="Target"]]>&#13;<![CDATA[
				required="false"]]>&#13;<![CDATA[
				type="java.lang.String"]]>&#13;<![CDATA[
			>]]>&#13;<![CDATA[
			</J2EEResourceProperty>]]>&#13;<![CDATA[
			<J2EEResourceProperty]]>&#13;<![CDATA[
				WASKey="resourceProperties"]]>&#13;<![CDATA[
				name="TargetSignificance"]]>&#13;<![CDATA[
				required="false"]]>&#13;<![CDATA[
				type="java.lang.String"]]>&#13;<![CDATA[
				value="Preferred"]]>&#13;<![CDATA[
			>]]>&#13;<![CDATA[
			</J2EEResourceProperty>]]>&#13;<![CDATA[
			<J2EEResourceProperty]]>&#13;<![CDATA[
				WASKey="resourceProperties"]]>&#13;<![CDATA[
				name="TargetType"]]>&#13;<![CDATA[
				required="false"]]>&#13;<![CDATA[
				type="java.lang.String"]]>&#13;<![CDATA[
				value="BusMember"]]>&#13;<![CDATA[
			>]]>&#13;<![CDATA[
			</J2EEResourceProperty>]]>&#13;<![CDATA[
			<J2EEResourceProperty]]>&#13;<![CDATA[
				WASKey="resourceProperties"]]>&#13;<![CDATA[
				name="TemporaryQueueNamePrefix"]]>&#13;<![CDATA[
				required="false"]]>&#13;<![CDATA[
				type="java.lang.String"]]>&#13;<![CDATA[
			>]]>&#13;<![CDATA[
			</J2EEResourceProperty>]]>&#13;<![CDATA[
			<J2EEResourceProperty]]>&#13;<![CDATA[
				WASKey="resourceProperties"]]>&#13;<![CDATA[
				name="TemporaryTopicNamePrefix"]]>&#13;<![CDATA[
				required="false"]]>&#13;<![CDATA[
				type="java.lang.String"]]>&#13;<![CDATA[
			>]]>&#13;<![CDATA[
			</J2EEResourceProperty>]]>&#13;<![CDATA[
			<J2EEResourceProperty]]>&#13;<![CDATA[
				WASKey="resourceProperties"]]>&#13;<![CDATA[
				name="UserName"]]>&#13;<![CDATA[
				required="false"]]>&#13;<![CDATA[
				type="java.lang.String"]]>&#13;<![CDATA[
			>]]>&#13;<![CDATA[
			</J2EEResourceProperty>]]>&#13;<![CDATA[
			<J2EEResourceProperty]]>&#13;<![CDATA[
				WASKey="resourceProperties"]]>&#13;<![CDATA[
				name="ProducerDoesNotModifyPayloadAfterSet"]]>&#13;<![CDATA[
				required="false"]]>&#13;<![CDATA[
				type="java.lang.String"]]>&#13;<![CDATA[
			>]]>&#13;<![CDATA[
			</J2EEResourceProperty>]]>&#13;<![CDATA[
			<J2EEResourceProperty]]>&#13;<![CDATA[
				WASKey="resourceProperties"]]>&#13;<![CDATA[
				name="ConsumerDoesNotModifyPayloadAfterGet"]]>&#13;<![CDATA[
				required="false"]]>&#13;<![CDATA[
				type="java.lang.String"]]>&#13;<![CDATA[
			>]]>&#13;<![CDATA[
			</J2EEResourceProperty>]]>&#13;<![CDATA[
		</ConnectionDefTemplateProps>]]>&#13;<![CDATA[
		<J2EEResourcePropertySet]]>&#13;<![CDATA[
			WASKey="propertySet"]]>&#13;<![CDATA[
			resourceProperties=""]]>&#13;<![CDATA[
		>]]>&#13;<![CDATA[
		</J2EEResourcePropertySet>]]>&#13;<![CDATA[
	</J2CResourceAdapter>]]>&#13;<![CDATA[
]]></content>
        </item>
    </category>
</snippets>