<?xml version="1.0" encoding="UTF-8"?>

<!-- 
====================================================================== 
Licensed Materials - Property of IBM Corp. 
IBM Rational Automation Framework 
(c) Copyright IBM Corporation 2003, 2012. All Rights Reserved.   

U.S. Government Users Restricted Rights - Use, duplication or disclosure restricted by 
GSA ADP Schedule Contract with IBM Corp. 


File name: configure_wve_common_nd_private.xml

Private configure actions available at the cell scope shared by WVE, WAS 8.5 and higher version
====================================================================== 
-->

<project default="default" basedir=".">
	<description>
		Contains configuration tasks for WVE ND
	</description>

	<rafwaction name="wve_common_configure_health_policies_private"
	            augmentmode="true"
	            comparemode="true"
	            importmode="true"
	            promotemode="true" />
	<target name="wve_common_configure_health_policies_private" depends="scope_init">
		
		<rafwlog resourcebundle="wve" id="CRWVE0165I">
			<logarg value="${MODE}" />
		</rafwlog>	
		<setdatafile resourcefile="operationalPolicies" />
		<antcall target="assert_file">
			<param name="FILE" value="${DATA_FILE}" />
		</antcall>
		<cfgwsadmincmd target="wve_common_configure_health_policies_private"
		               datamarker="healthPolicy"
		               typenames="'HealthClass'" />
	</target>

	<rafwaction name="wve_common_configure_service_policies_private"
	            augmentmode="true"
	            comparemode="true"
	            importmode="true"
	            promotemode="true" />
	<target name="wve_common_configure_service_policies_private" depends="scope_init,was_init">
		
		<rafwlog id="CRWVE0196I" resourcebundle="wve">
				<logarg value="${MODE}" />
				<logarg value="${SCOPE}" />
				<logarg value="${SCOPE_NAME}" />
		</rafwlog>
		<setdatafile resourcefile="operationalPolicies" />
		<antcall target="assert_file">
			<param name="FILE" value="${DATA_FILE}" />
		</antcall>
		<cfgcallwsadmin target="wve_common_configure_service_classes_private"
		                datamarker="servicePolicy"
		                script="${RAFW_HOME}/product/actions/configure/wve/common/nd/scripts/serviceClass.py" />
	</target>

	<target name="wve_common_configure_enable_bbson_private" depends="only_execute">
		
		<rafwlog resourcebundle="wve" id="CRWVE0160W">
			<logarg value="${CELL_NAME}" />
		</rafwlog>	
		<antcall target="wve_common_configure_wvebb">
			<param name="WVEBB_ACTION" value="" />
		</antcall>
	</target>

	<target name="wve_common_configure_enable_ham_private" depends="only_execute">
		
		<rafwlog resourcebundle="wve" id="CRWVE0160W">
			<logarg value="${CELL_NAME}" />
		</rafwlog>
		<antcall target="wve_common_configure_wvebb">
			<param name="WVEBB_ACTION" value="-enableHAM" />
		</antcall>
	</target>

	<target name="wve_common_configure_disable_ham_private" depends="only_execute">
		
		<rafwlog resourcebundle="wve" id="CRWVE0161W">
					<logarg value="${CELL_NAME}" />
				</rafwlog>
		<antcall target="wve_common_configure_wvebb">
			<param name="WVEBB_ACTION" value="-disableHAM" />
		</antcall>
	</target>

	<target name="wve_common_configure_use_hambb_private" depends="only_execute">
		
		<rafwlog resourcebundle="wve" id="CRWVE0162W">
							<logarg value="${CELL_NAME}" />
						</rafwlog>
		<antcall target="wve_common_configure_wvebb">
			<param name="WVEBB_ACTION" value="-useHAMBB" />
		</antcall>
	</target>

	<target name="wve_common_configure_wvebb" depends="scope_init, only_execute">
		<antcall target="call_wsadmin">
			<param name="TASK" value="wve_common_configure_wvebb" />
			<param name="LANG" value="jython" />
			<param name="SCRIPT_NAME"
			       value="${RAFW_HOME}/product/actions/configure/wve/common/nd/scripts/useWVEBB.py" />
			<param name="ARGS" value="${WVEBB_ACTION}" />
		</antcall>
	</target>

	<rafwaction name="wve_common_configure_generate_virtual_hosts_dynamic_clusters_private">
		<inherit name="lr_wsadmin" />
	</rafwaction>
	<target name="wve_common_configure_generate_virtual_hosts_dynamic_clusters_private">
		
		<rafwlog resourcebundle="wve" id="CRWVE0163W"/>
		
		<if>
			<isset property="DYNCLUSTERS" />
			<then>
				<for list="${DYNCLUSTERS}" param="CLUSTER">
					<sequential>
						<antcall target="was_common_configure_generate_virtual_host">
							<param name="CLUSTER_NAME" value="@{CLUSTER}" />
						</antcall>
					</sequential>
				</for>
			</then>
			<else>
				<rafwlog resourcebundle="wve" id="CRWVE0163W"/>
				
				<rafwfail id="CRWVE0198E" resourcebundle="wve"/>
			</else>
		</if>
	</target>

	<rafwaction name="wve_common_configure_work_classes_private"
	            augmentmode="true"
	            comparemode="true"
	            importmode="true"
	            promotemode="true" />
	<target name="wve_common_configure_work_classes_private" depends="scope_init,was_init">
		
		<rafwlog id="CRWVE0197I" resourcebundle="wve">
						<logarg value="${MODE}" />
						<logarg value="${SCOPE}" />
						<logarg value="${SCOPE_NAME}" />
		</rafwlog>
		<setdatafile resourcefile="workClasses" />
		<antcall target="assert_file">
			<param name="FILE" value="${DATA_FILE}" />
		</antcall>
		<cfgcallwsadmin target="wve_common_configure_work_classes_private"
		                datamarker="workClass"
		                script="${RAFW_HOME}/product/actions/configure/wve/common/scripts/workClass.py" />

	</target>
</project>
