<?xml version="1.0" encoding="UTF-8"?>
<plugin-upgrade
        xmlns="http://www.urbancode.com/UpgradeXMLSchema_v1"
        xmlns:xsi="http://www.w3.org/2001/XMLSchema-instance">

  <migrate to-version="3">
    <migrate-command name="RTCSCMProperties">
        <migrate-properties>
            <migrate-property name="autoGenerateName" default="ID"/>
        </migrate-properties>
    </migrate-command>
    <migrate-command name="RTCSCMImportProperties">
        <migrate-properties>
            <migrate-property name="workspaceHistoryType" default="Snapshot"/>
            <migrate-property name="version"/>
        </migrate-properties>
    </migrate-command>
  </migrate>
  <migrate to-version="4">
    <migrate-command name="RTCSCMProperties"/>
    <migrate-command name="RTCSCMImportProperties"/>
  </migrate>
  <migrate to-version="5">
    <migrate-command name="RTCSCMProperties"/>
    <migrate-command name="RTCSCMImportProperties"/>
  </migrate>
  <migrate to-version="6">
  </migrate>
  <migrate to-version="7">
  </migrate>
  <migrate to-version="8">
    <migrate-command name="RTCSCMImportProperties"/>
  </migrate>
</plugin-upgrade>
