<?xml version="1.0" encoding="UTF-8"?><!--
- Licensed Materials - Property of IBM Corp.
- IBM UrbanCode Build
- IBM UrbanCode Deploy
- IBM UrbanCode Release
- IBM AnthillPro
- (c) Copyright IBM Corporation 2002, 2013. All Rights Reserved.
-
- U.S. Government Users Restricted Rights - Use, duplication or disclosure restricted by
- GSA ADP Schedule Contract with IBM Corp.
--><pluginInfo>
  <!--

  **author name IS required**

  The Author Section is used to give credit to the author of the plugin.
  Name is the only required element/attribute, but feel free to also include your email,
  website  or bio to allow users of your plugin to praise your work, ask questions
  or share their use case to help grow your plugin's functionality.
  -->

  <author name="IBM UrbanCode">
    <organization>IBM UrbanCode</organization>
    <email>ucplugin@us.ibm.com</email>
    <website>https://www.ibmdw.net/urbancode/plugins/</website>
    <bio/>
  </author>

  <!--

  **intergration type IS Required**

  The integration type section identifies where the plugin fits into the process
  excepted types are SCM, Artifact, Automation, Deploy

  For example:

  The plugin pulls Artifacts from an artifact repository during deployment
  the Type would be "Artifact"
  or
  The plugin deploys to a middleware server
  the Type would be "Deploy"
  -->

  <integration type="Deploy"/>


  <!--
  **source is NOT required**

  The source section identifies the location of the plugin source code
  For example
  https://github.com/...
  -->

  <source url="https://www.ibmdw.net/urbancode/plugin/application-deployment-for-websphere-ibmucd/"/>

  <!--
  **license type is NOT required**

  If your plugin uses any licensed software please acknowledge it by
  listing the license type below
  -->

  <!--
  <licenses>
    <license type=""/>
  </licenses>
  -->
  <!--
  **tool-description IS required**

  The tool-description section is used to summarize the software
  the plugin was created to integrate with.

  For example:
  Apache Ant is a software tool to automate software processes during the build or
  deployment of an application. Ant uses an propitiatory XML file to define build
  and/or deployment steps(referred to as targets by ant) . The Ant executable is
  called to execute the targets in the build.xml.
  -->

  <tool-description>WebSphere is the leading software for on demand business, delivering business integration, application and transaction infrastructure, portals, application transformation, mobile/speech middleware, product information management and e-commerce.</tool-description>

  <!--
  **related-info is NOT required**

  The releated-info section is used to define links which may be useful to users of the plugin
  but don't fall into the release-notes or tool-description section.

  For example: releated-info can be links to pdf documentation, help videos related to plugin setup or the product's
  website.

  excepted values for type include: PDF, WEBSITE, VIDEO
  -->

  <related-info>
    <link description="Please visit this site for more information on the Websphere tool." title="IBM Websphere Homepage" type="WEBSITE" url="http://www-01.ibm.com/software/websphere"/>
  </related-info>

  <!--
  **meta-html in NOT required**

  The meta-html section is used define the meta description and the meta keywords of the plugin page.The meta
  description tag allows you to influence the description of your page in the web crawlers that support the
  tag The meta keywords tag allows   you to provide additional text for crawler-based search engines to index
  along with your body copy.

  If multiple keywords are used they must be comma(,) delimited
  -->

  <meta-html>
    <meta content="" name="description"/>
    <meta content="" name="keywords"/>
  </meta-html>

  <!-- Do not change the release-version, the build process injects it. -->
  <release-version>90.760844</release-version>


  <release-notes>
    <!--
      **release-note IS required**

      The plugin version name must match the plugin version found in the plugin.xml file

      The release-note should document the changes, improvements, or bug fixes introduced
      with the new plugin version

      The release-note may contain text or reference a file in the plugin zip package

      For example your release note could be:
      Support for was added for version 10.0 for software X
      or
      releaseNotes/release1.html (where release1.html contains html formatted version information)

      To add a new release note add this with a description in it of the changes:
      <release-note plugin-version="9">....</release-note>

      Our automated release process will replace 'LATEST' with the released version.

      If this already exists in the file, then the described changes have not been released yet and
      you should just append to the existing 'LATEST' tag.
      -->

      <release-note plugin-version="9">
 Installing this plugin will give you access to the steps listed below. These steps can be used when designing a component process.
      </release-note>
      <release-note plugin-version="10">
Changing names of some steps to fix a bug when adding them to uDeploy.
      </release-note>
      <release-note plugin-version="11">
Added new steps for creating Clusters and ClusterMembers
      </release-note>
      <release-note plugin-version="12">
Added new steps for initial and maximum heap size of server jvms.
      </release-note>
      <release-note plugin-version="13">
Added new steps for exporting and importing initial and maximum heap size of server jvms.
      </release-note>
      <release-note plugin-version="14">
Added new steps for exporting and import properties from datasources.
      </release-note>
      <release-note plugin-version="15">
Added new steps for creating JDBCProviders and DataSources.
      </release-note>
      <release-note plugin-version="16">
Added new steps for creating JDBCProviders and DataSources.
      </release-note>
      <release-note plugin-version="17">
Add a step for checking for the existence of a config object.
      </release-note>
      <release-note plugin-version="18">
Add a step for creatinga SIBJMSQueues.
      </release-note>
      <release-note plugin-version="19">
Add a step for creatinga SIBJMSTopics.
      </release-note>
      <release-note plugin-version="20">
Add a step for creatinga SIBJMSConnectionFactories.
      </release-note>
      <release-note plugin-version="21">
Add a step for updating a simple attribute on an object.
      </release-note>
      <release-note plugin-version="22">
Add a step for creating or updating J2EEResourceProprties on objects.
      </release-note>
      <release-note plugin-version="23">
Add a step to check to see if an application is already installed in the cell. This step will set an output property named "installed" to either "true" or "false".
      </release-note>
      <release-note plugin-version="24">
Allowing choosing Application Type to check for in check application is/not running.
      </release-note>
      <release-note plugin-version="25">
Add timeout properties for wait for application and wait for server or cluster.
      </release-note>
      <release-note plugin-version="26">
Make the required resources for configure resources of create jdbc more generic.
      </release-note>
      <release-note plugin-version="27">
Add a step for waiting for a server or cluster to stop.
      </release-note>
      <release-note plugin-version="28">
Add the ability to immediately stop a cluster in stop server step.
      </release-note>
      <release-note plugin-version="29">
Add a terminate server or cluster step. This step will send a signal to the node agents that are involved with the server or cluster to hard terminate the server, or all servers associated with the cluster.
This step should only be used when a stop server or cluster step does not succeed in fully stopping the server or cluster in time. Please be careful of the use of this step.
      </release-note>
      <release-note plugin-version="30">
Add interval specifications to wait for server or cluster, Wait for application, and Wait for server or cluster to stop.
      </release-note>
      <release-note plugin-version="31">
Add steps for creating shared libraries and associating them with applications.
      </release-note>
      <release-note plugin-version="67">
Add the ability to immediately stop a cluster in stop server step.
Add a terminate server or cluster step. This step will send a signal to the node agents that are involved with the server or cluster to hard terminate the server, or all servers associated with the cluster.
This step should only be used when a stop server or cluster step does not succeed in fully stopping the server or cluster in time. Please be careful of the use of this step.
Add interval specifications to wait for server or cluster, Wait for application, and Wait for server or cluster to stop.
      </release-note>
      <release-note plugin-version="68">
Conflicts will no longer occur over the 'temp.py' file.
      </release-note>
      <release-note plugin-version="69">
Auto discover support for multiple profiles/installs on the same agent machine.
      </release-note>
      <release-note plugin-version="70">
Add ability to inline script for Execute wsadmin script.
      </release-note>
      <release-note plugin-version="71">
Added option to not delete generated jython/jacl scripts on failure.
Added steps for working with BLAs, assets, OSGI bundles, and composition units.
Add steps for mapping targets to modules, resource-references and roles to users for Enterprise Applications.
      </release-note>
      <release-note plugin-version="72">
Extra functionality to work with Application Editions.
      </release-note>
      <release-note plugin-version="73">
Extra functionality to work with Application Editions.
      </release-note>
      <release-note plugin-version="74">
Added step for mapping shared libraries to modules.
Allow mapping multiple shared libraries in one step.
      </release-note>
      <release-note plugin-version="75">
Update description text.
      </release-note>
      <release-note plugin-version="79">
Added steps for disabling/enabling node auto sync.
Added step to invoke AdminTask.updateAppOnCluster.
      </release-note>
      <release-note plugin-version="81">
Added step to check status of nodes.
      </release-note>
      <release-note plugin-version="83">
Added steps to createUnmanagedNode and createIHSWebServer.
      </release-note>
      <release-note plugin-version="87">
Added an additional argument parameter to "Check Application is installed" step
      </release-note>
      <release-note plugin-version="88">
Added support for partial application updates.
      </release-note>
      <release-note plugin-version="89">
Fixed Add Target To Module step so that plugin-cfg.xml is generated correctly
      </release-note>
       <release-note plugin-version="90">
Updated version so that plugin would install over previous testfixes.
      </release-note>
  </release-notes>
</pluginInfo>