<?xml version="1.0" encoding="UTF-8"?><!--
- Licensed Materials - Property of IBM Corp.
- IBM UrbanCode Build
- IBM UrbanCode Deploy
- IBM UrbanCode Release
- (c) Copyright IBM Corporation 2016, 2017. All Rights Reserved.
-
- U.S. Government Users Restricted Rights - Use, duplication or disclosure restricted by
- GSA ADP Schedule Contract with IBM Corp.
--><pluginInfo>
  <!-- Do not change the release-version, the build process injects it. -->
  <release-version>14.974657</release-version>

  <release-notes>
    <!--
      The release-note should document the changes, improvements, or bug fixes introduced
      with the new plugin version

      The release-note may contain text

      For example your release note could be:
      Support for was added for version 10.0 for software X

      To add a new release note add this with a description in it of the changes:
      <release-note plugin-version="1">....</release-note>
    -->

    <release-note plugin-version="1">
Initial release of the Kubernetes plugin.
Provides a kubectl CLI wrapper for executing the create, delete, run and expose commands.
    </release-note>
    <release-note plugin-version="2">
Updated references of kubectl Home to kubectl Path
    </release-note>
    <release-note plugin-version="3">
Added support for exposing a deployment resource on the "Expose Resource" step
    </release-note>

    <release-note plugin-version="4">
Support property file encryption.
    </release-note>
    <release-note plugin-version="5">
Added 'Deployment Name' field to Run Image step
Fix code dealing with processing of kubectl global options.
Fix problem when deleting resources by type and label.
    </release-note>
    <release-note plugin-version="6">
Added the Replace Resources step
Added the Use Context step
Added the Set a Context Entry step
Added the Set Cluster step
Added the Get Current Context step
Added the Set Credentials step
    </release-note>
    <release-note plugin-version="7">
Added the Apply Resources step
Added the Patch Resources step
Added the Rollout step
Added the Rolling Update step
Added the Scale step
Added the Autoscale step
    </release-note>
    <release-note plugin-version="8">
Added the Process YAML File step
Create new resource role KubernetesCluster.
Add plugin step to create and populate KubernetesCluster resource role.
    </release-note>
    <release-note plugin-version="9">
Fixes for the Process YAML File step
    </release-note>
    <release-note plugin-version="10">
Added the Get Kube Config File - IBM Cloud step
Process YAML File step now handles quotes surrounding the image specification in the YAML file
    </release-note>
    <release-note plugin-version="11">
Added the Helm Init step
Added the Helm Install step
Added the Helm Delete step
Added the Helm Upgrade step
Added the Helm Does Release Exist step
    </release-note>
    <release-note plugin-version="12">
Fixes issue where, if a user runs the Process YAML File step against a YAML file in one environment, then runs the Process YAML file step against the same file for a different environment in the same application and does not specify container image versions, a null pointer exception would occur.
The Process YAML File step may now process multiple YAML files at a time.
Improve handling of inventory for images removed from YAML files when using the Process YAML File step.
    </release-note>
    <release-note plugin-version="13">
Fixes issue where, if a user renames a Helm resource, the Helm Install step may fail.
Process YAML File step now gives users the ability to always apply container image tags found in the YAML files (ignoring tags specified in the UCD user interface).
    </release-note>
    <release-note plugin-version="14">
Fix issue where we were incorrectly trying to update the inventory for components that were not related to images found in the yaml file.
    </release-note>
  </release-notes>
</pluginInfo>